{"version":2,"hash":{"type":"Buffer","data":"6tIH5qMMprr7Za0u/voIDtYX3cDXRioB+P+4o5u/L8lzC2YM6hpHXUxCPtsg90m7dgIplEKkgj1L4CKwqM9n28xGJ8rACC2/WBBtM8eRE762rgtB2xUcO0ZY7I3TrTTuF0s2PXfUnwgt9tTp8PJOLHX4WT3o8cfsmL+AAvJJo7U="},"indexValueMap":{"FTuvCMKmKGy/d01Be9Hp9xCbUx/aPPrcqdq/iCqzyM0=":{"valueMac":{"type":"Buffer","data":"ExTeDbbg/fRt7IOkyxWxj2+3gyi9oohYDlZJWz0WQeQ="}},"Uf19kU3JA6cSvUqWB4U83RKwowGEHOoMGRM6YNREpGM=":{"valueMac":{"type":"Buffer","data":"fxGLE1FnyyrxD0y+JlZ/Lh6p96cENQ8V1kFjGttmBpE="}},"acWwWODHKilKuQd0iRHmvafZ4G6rL07oVkdQ9q21Gsc=":{"valueMac":{"type":"Buffer","data":"hJDFtvmHMN4Vt+Eb8MQc5ovwbuzpX+jehdzLz4BA1uo="}},"w+LMARFu2DQSaJsudVQq7DOU677hrsYSSf6zLokrzGs=":{"valueMac":{"type":"Buffer","data":"d981TTvvPOrkvOpRdUuaVwuEPHOwminRrmyDcDbP9Ro="}},"5zQjyXkSxAdbmG7utsoGfWUjdLNDfaJKmAH0QZ15nds=":{"valueMac":{"type":"Buffer","data":"5UD44dV6GuvIxZUuV0OgjQUDAVQn3Teun4ERD3PeIJs="}},"WX7cAhnVBzOmQg43stlOEOtx0J7Zv7H0TYjLXAbYjBg=":{"valueMac":{"type":"Buffer","data":"4draa9ySImkGCeBxeBfVda/5TgfO1tGIw6rl/hMlmIg="}},"hHOnT8s2s7ULACEMLQSNPjx3mMSYqHs1xcOmf/d+Opo=":{"valueMac":{"type":"Buffer","data":"/Orup796fr/LRdTx92GP1mRDWJZNxK4XMOcubBhh4E0="}},"0P+ILlHeeAZYmcWjtuDa8L20hk6wqMW0dmoLCt8gdQI=":{"valueMac":{"type":"Buffer","data":"MSx0mc42X7waNx4jkKIf7xE5X91ZBkND/KULZ5GNOdw="}},"K6ebpXmNvpvBsRZ0vaqmUsLL+JWJ3+RAPolGv3fV67M=":{"valueMac":{"type":"Buffer","data":"Ke3nQ+raHjxhAChSpl/hjQIEq5tc8PY8f7vLrJK43Jo="}},"A/y/ttj4UupONqS7HNfiJOc+Bo/03j77yoAdL2WlcMQ=":{"valueMac":{"type":"Buffer","data":"bp23YmNt/zztAsZP0+K6JSaR73GvwLB4RLP2GQQu3UY="}},"93VWwZwjuVaKU02u5F3DFEmpfRe7cnTZqFGxP3mCwa8=":{"valueMac":{"type":"Buffer","data":"mA7qCi1GW/jR1l8wfUS//a/IsKiRtxuylTCQVc3jHU0="}},"wfsxvfXbwAtApQsCPkJWePXFW5FhSwVzFIutz1dcAVA=":{"valueMac":{"type":"Buffer","data":"WUVY/WZE5QTzRl5ITWDHHpkksVawsBRoeIdl/kKQl4o="}},"Z0mGE2+03bMgKupmyUoItUhraf6vAa2ur6tDLwRxVAo=":{"valueMac":{"type":"Buffer","data":"7UWLBPJ5jSgc7c5xqAjPspAfsb4R4Va8CVK9aR9U+8Y="}},"qGXBIQ8k3T+d0EEEC/yA/ICcc8Hps+ybESCBsrmSurw=":{"valueMac":{"type":"Buffer","data":"s9uixLFARIPz3+O6STMxzf3EOKtJyv2IcfER8QN4MeQ="}},"+VyJ7CAFP2IlgWfvOmxRy92hsFl1Hrvr873fYrHYvBc=":{"valueMac":{"type":"Buffer","data":"tidK2uGVdyXViF3v7TQX18F4tCQOxiPeZJ1HKKQEEB8="}},"SipWO7Z2TlgmSzWWVda9lpR0bJfN1L0wHRg2374HPz4=":{"valueMac":{"type":"Buffer","data":"daRw/IVVcuRtlweNnjr+EE0Nlj93lm0UlLTrjTfyy1s="}},"WmGzfrRjeh/L9qsyxd8vLw54sIqBHBkZKSKdOLWR8zA=":{"valueMac":{"type":"Buffer","data":"9NBaWoUjtmAxPpIFEhvZnBYdkwpBeUpxTq1IdK+oCro="}},"bb9Y5wA2ZrOOf64OOmzVXE2Ro6wldYnuo+kBBZSbz3w=":{"valueMac":{"type":"Buffer","data":"yChYihVkMKj13XtHTwq8GX+1FMPFYbgSfSYWMIwP3Vk="}},"89ybZzaHaKjoCOibk6IZQ5kp6tO4UDqduVt8GyGFSmk=":{"valueMac":{"type":"Buffer","data":"ciEk4TCltQS4rGTZu/Ka3eDBxwIWA1YlFwTAtv6czW4="}},"37TaiHWj54g/ADJanNfBPNqAelc1as2Uv5V94yQTOIY=":{"valueMac":{"type":"Buffer","data":"4tUd+varZ0jvzrbMANkmuS1OU6kig8DOQ4k64IBpchE="}},"vghDIMPQCqp7pdmFZKTr2eu2fzzt0G9mA+anoD0yYew=":{"valueMac":{"type":"Buffer","data":"AU/dBP7J/ApvKrn3E/WcNaLAm5YIZ/HKJ0QAWYlXe9Q="}},"DX2pq0kFu3h9fnj5MaJoscmT9hmDy0hpcYwjwGE2Kqw=":{"valueMac":{"type":"Buffer","data":"OoZrox0m8IoOfF0BVAi9kleCgWhqypsHdUvLsVO9CqU="}},"5pdwYEyud+A3DRB/zb7UVuh6eIIHu/z0LcW36YwDALg=":{"valueMac":{"type":"Buffer","data":"O7nVcWL34VY1nI2sEOadl5dtO8Hv0DxQdnrgzq+atIA="}},"/TMORVAX7ev8CUqC0WcRxEli+sXvVbrWPloj9XbSsxs=":{"valueMac":{"type":"Buffer","data":"kislYlY0GyEPJ1KSKet83n/F75JtMrMpe3RG8bgXTHg="}},"yCn2miagfaWvd5aTGuzpodZSq9lWMpQeqLrriuZPTiA=":{"valueMac":{"type":"Buffer","data":"SxTMdg283zDG/pTV5aJmNnT/jiid7E6Zvq4rQaJeIPc="}},"H6oWS+a/Fy0SF90UsUbImxhd8KKny0mPu3VZ/VitFWk=":{"valueMac":{"type":"Buffer","data":"AOmwr50IiMR4H/x8aJgzK01qg+JEOmCf5Ta+dS0KfIg="}},"3tdxObp3Hqa7SqUWmQwOHH/MpH5i4++gPDR+IwVUc7I=":{"valueMac":{"type":"Buffer","data":"eaH7lI9/78Xb81X/P9iJaKQLCAcm4u2NNzZiv1eAXlk="}},"ApXetP2xLzlee+PdsBsTDW8DA1ExcHIt5i7Ci9FziKo=":{"valueMac":{"type":"Buffer","data":"2zrUDOb0WKYkR3owJP6p3E25Sn6TEZ6k1VBJTwW6DmM="}},"OEO9a8E5nTVBIItuhimCqHhIV/3T4T4iyqYREyk+xvU=":{"valueMac":{"type":"Buffer","data":"RVWomuZOTgEExYnigQrrqgKtV6RFjnTfQa/sytoAAPY="}},"pB0c5oZ7ZbfoltC3uZj9riMnbsULprjOG4Y/NvtR9yY=":{"valueMac":{"type":"Buffer","data":"5gjz5UOGADa2SPd+wIOz3wq0v/cjoNqzKT6UI1wZoww="}},"lBbMsF/XCvkxVO3U0K7U5jF7vbd3DlBtkcEMrpEddFM=":{"valueMac":{"type":"Buffer","data":"0I1k6e2AVtEseyTXeQOQiiOwIn69bG877fFFLSyxy+A="}},"S4qGDffK2gNQXVWeK3p4Lss0EYegKYgNnYu7dnDh4ZU=":{"valueMac":{"type":"Buffer","data":"MG0VO0wmTjBbgNmwsF85NglPRbzmp+yVrCVrtV5nOTM="}},"JgHqvWhr0Q2IvklvRwbul+dO4uUp6FiHW7h9Jec0TFg=":{"valueMac":{"type":"Buffer","data":"oE+yl1hFRo2jwMfH1YWflUyRUSd96AbPkttvwDy1WSo="}},"iInH/OAjh7i9HBUlIoFQDmhbh92gEzWN7x9z4TQW+YE=":{"valueMac":{"type":"Buffer","data":"2qGyL0hiUrn5t3guJlaD09/JRBjhIkjfJvG8XuZeRLM="}},"JZC2KlRyICT6E0oeXWK1p6aAaQ6cK3zP2T94jiNrqKs=":{"valueMac":{"type":"Buffer","data":"lKYioXdCbnudzXWQbZu4Xx3cHWT2U98JsvHu/gJnhi4="}},"cRjZSLg3cihuHyp0X94KPaWzR216YLAJFlIGNThWe38=":{"valueMac":{"type":"Buffer","data":"Z/kbixyGwkHAv1HY+BVg2vpZZw/+g3AItaT3k0DjAFs="}},"4FaVu9qsH7rzwMFdlgIBn6cc1Ky3i6pTK0mRJx4Nr+I=":{"valueMac":{"type":"Buffer","data":"jnrO+FQFnUP9DD9EY7KN55974mqTJfUAChCSIU1jgRA="}},"mUcnNRXSXcivzX89IljQoG974OxgjShQsjHsrfHfn7E=":{"valueMac":{"type":"Buffer","data":"EkoXOwFSn9AIRKfKVlU++rvVgzuduPmrhVHhzYLZDgk="}},"2AFjih7jLKdR3MF+8qvJlV5DO1gOaErY+GGbO+BTxGY=":{"valueMac":{"type":"Buffer","data":"i3h2Pq3Q9xNH4N00qfKOMZQPdISzu1/CGpb0HKnFW20="}},"l3yK/mRHWcwiK8uc+AqA7iab+SYBuNgu3eifkBdFo1c=":{"valueMac":{"type":"Buffer","data":"UPSdPUKr5zrKd2Bj7o98OUhHNLaNNnnWzuVeDj0Z8u4="}},"K/iiRlbnuWOVlkZUxInZXvBV1RETjxAWrDl9/ZjRtzA=":{"valueMac":{"type":"Buffer","data":"ZRCpK/IKiI+MiQW8EafKix8Q4S2o10/wgUX7EtYBxmE="}},"30T5nIVd55B3ioaWE5jrNeqqRiLh5DeHX+a+uYZHwCg=":{"valueMac":{"type":"Buffer","data":"zT53bJjudazYL5RLZlTad7LK88p4qg/8eGesm+pB/oA="}},"HBt37qYQzn6uqCYqIikz9bY70m9Xsonfd+kpkQpV2hU=":{"valueMac":{"type":"Buffer","data":"QgzG4QoVKy3s3ObO0dlaTpkAZuF95D0MGbLxYW5+Qi8="}},"G7OsxxZ0dXeyJrN7NuLNojhK1n4+M0u2QcpiYpJkFi8=":{"valueMac":{"type":"Buffer","data":"i495x3s3VE6Ya4kTxojWL+pefdX46/Zd/99Duc2ylz0="}},"GiFCFBuMrcodm1HBe4wPKDkr15xUSFA2BNXgLEGE8Vc=":{"valueMac":{"type":"Buffer","data":"qoLpdrs1R93TU8IRjDfalVEHARcdis6PdcZsaEk2JKc="}},"595cW5veQba7HFv1oeO4vTUXf28axc3MqYigrW71csA=":{"valueMac":{"type":"Buffer","data":"JlyRaAR6X3rXO9tNcWGDeMcY34UzWs8TIxX+/Tz6aMo="}},"09z6gU1nllsboqO8Ad5uF4mM5E/LGSKyMksrhoJ6kb4=":{"valueMac":{"type":"Buffer","data":"BtVNkThKeWRDDSeixs4V87U603YIy9FnWZlL3FPCvYM="}},"McWyxttBNpKz9XHPHtq5OVeRIJLq5Auds93jNvy1xCM=":{"valueMac":{"type":"Buffer","data":"WnehkE3p8BF9QwpxnOcR/cpXk/vhRfld6XzS+53JwwY="}},"IpvmGvKgNX3yIcIa/IJgjMXXYdT3J+W12lEJ9opanWg=":{"valueMac":{"type":"Buffer","data":"63GoH01G/6zwo73Tp6SvFACWBnRiemPX6oUNRH6Na2s="}},"Y0rpYlcCI4KpxJOrwm6E12MsglgQYcAR7jQt2nRSpLw=":{"valueMac":{"type":"Buffer","data":"E/XQ6seXd4RKgZsTLPz3tPt2hvvBETyX2FThHWrHWAk="}},"Y12zX4jPH/kMUtWHEBThFUIzfAszPOMDadsH/KoSlaU=":{"valueMac":{"type":"Buffer","data":"DDey1yol91u39ZSSYDL8vJ5jDUezIt4/lJ0wJdChG90="}},"4wn7WjwaNg5ppjQffNvjfv14UTaeEki4r/04fwgbhzM=":{"valueMac":{"type":"Buffer","data":"nSkQANQz+X6Ww6eKzdh+vh3GeQiYLUBzKVblv30DBDc="}},"YIbZGXZvaZOkSnrfTiA5gejQOYHBJVd1m87HTiQrgys=":{"valueMac":{"type":"Buffer","data":"G6n5Urr77jTjm0U3/Cx1nN/eFTSSL0BTpujb2PqFdtg="}},"CYe1k7tB21TzQUb2DAdiGrG1Z5lt2QvaC1l4krupTFg=":{"valueMac":{"type":"Buffer","data":"KptB1LWMPXGWQg8C33ysFXBPtowiXKhejpO8nI0qm0E="}},"uStat6SvYZGFwZjFnx5sc6LVZT1bEoDj5+tQek4uglM=":{"valueMac":{"type":"Buffer","data":"p5uLlVrPUkTRfOXYyapZTgN46NhYsCe61P5sPdkjKUw="}},"I8Ef/UCfU7rer0zs26mrs12Gp+uYD/WVJlGlFvtye70=":{"valueMac":{"type":"Buffer","data":"Cc2fN5oj11d/uV2TX4A2HsJ+EtX6pXBGHPKS4vJzTME="}},"rkmqk01xGrMBTl995ip+vMK52vYEhVLeuF4pW9HwqA8=":{"valueMac":{"type":"Buffer","data":"UCjq7wXRsInnpSxf8mb8Zk41PLhff4OWb8LSLLh/IfI="}},"ISn0m/UkWYhKqmksF9h7URj+9ZqepCgAj9TZzo86tlc=":{"valueMac":{"type":"Buffer","data":"hvS6/PIZ+iBpRx8etMyGTzWTlIsIw9dGrGdOoVjk1R0="}},"oZIKD+Pknq4DdL2ubA2u0Ojdb/FXX1xGgo2MHKChyNs=":{"valueMac":{"type":"Buffer","data":"rdvk5vP+F8L/Qp2SZTBVOiZetiipa9hMQPDw3BDRixY="}},"PfOXUBFL/bjPZ6tm/ukJZtqOxgtv3wDSJRv5JsukZBU=":{"valueMac":{"type":"Buffer","data":"Bq3WgmQ+gOhY8TqfVCIhWUBM5HnRb0XLYWK+bYIdppA="}},"ePxofjVqiADTaw0qSkEnEBRqxBDUuT+qaRtIr60yItQ=":{"valueMac":{"type":"Buffer","data":"ERTKGb03+/qz3WO3xiOwF2T6wlahGqByCgsO0eqU8E4="}},"APcOTCLkwF3rlT3OKw5TiJUAKT5wGHO9QNYeQ6u7/nc=":{"valueMac":{"type":"Buffer","data":"ZeMmzpDxqAbrffAuIR0EgcZR9MkeWhS6ogcvE6uJVM8="}},"dIdaFsXwEce85WmjJfAcU2iPeM77wLmVCUAsoQqzr1k=":{"valueMac":{"type":"Buffer","data":"MYPK1TfjJd4Cn/otwV3Q1272bgFDDS8AYd5wyyyVAF4="}},"9OddrqyFa+Ufs+JIjTxLhyKlo804KgdrBPzN+Y9+wec=":{"valueMac":{"type":"Buffer","data":"ShV9oz+lRKP4ivzpaGo3Ehmp7QwFljBgbTViOzXf5dg="}},"+dPy9+TwFwEJJOXo9u4JelqDqqeMKntE4t98cRKIBsY=":{"valueMac":{"type":"Buffer","data":"z1oTKxtZxohxSuqOk83pZtvaaZmsZvq3DxhtGfPFOb4="}},"kHOfQzA2gWK4eHlPyI/BsItHJu0jo67NmHT19tXOils=":{"valueMac":{"type":"Buffer","data":"kuqSDpP89q8dvYiVXb+eqSxIAUGVqe/EeirwYH4EH0c="}},"4pVtaS9IaIwWdD/Oqgb9nIhKVS/5dp1XZiip2iP7RPo=":{"valueMac":{"type":"Buffer","data":"R0pubX/OEbGvD+WBy6Tmmjj2eq5EIwzxz+5r/rbsMCs="}},"JXUyV8STssgXGJSC7PcbqToNBYFYWRp3QIEk+PjwYiE=":{"valueMac":{"type":"Buffer","data":"7WTFg819dK3bAz+xSunSH944NGlDT96r7/xAR1wgniA="}},"l9nLgS5QtFIHLBpqvW49Eu6pTIkdmKzIy/zV2+p7hWg=":{"valueMac":{"type":"Buffer","data":"TbL41jPO82rLKjUf9039i3tTke5BDWHyCJkIDpnmlbo="}},"h58FIL6FZ2WwhxcMLAHi6+BKKfZiUAiGeM/fh1LVm0A=":{"valueMac":{"type":"Buffer","data":"hFUNAdlXNtKg9gVI7hKuD2ZiYw4cxToGevpBNWXNMkU="}},"PgDnjxGcJoYZmGgQ0U48yojkAEX8EabbooTVFVcCrNc=":{"valueMac":{"type":"Buffer","data":"Or+4zkOnmhxXjCpMGCRlB4rE5TFiVOguMLpyEbdDKVA="}},"VRlhgtjEm+QHXy8x2z7sAcbnY1CopTcojSFgPRBckpY=":{"valueMac":{"type":"Buffer","data":"UEzos/I1rfELwSUujBXnXhfVlWHcxQ3Rhqn7kOFDZ3g="}},"06TLPBKVH+OWFqzpVQuubFo6cuO+O93FS0M/JpH0Wkc=":{"valueMac":{"type":"Buffer","data":"eJJJImjYk28e2WpIguP+jZlF7akejBA0WHvK7z4m/V8="}},"P6dbJl0c2iGo/lqJes69nsdmsjGC0faQTZ8Ecs5JhBw=":{"valueMac":{"type":"Buffer","data":"KyDk5EpGu+zwbOhaCE4HtVcny7kAXeYTc7WWK4M0wqQ="}},"rCH9xKInNZAUNPGNARVGmnM2E6em4K6B+MmqcycIUQY=":{"valueMac":{"type":"Buffer","data":"TDEdGLXTF8VvldqD6KtT1Tp+I2mppocxci3fk7Faaiw="}},"dCxE7wGGVI7YCmSrczHn3FqIWhT92jQvrb6vJs2lthc=":{"valueMac":{"type":"Buffer","data":"uDMvtzFyVg/rpK0fq2VVFRGtsy2/KENy8tznGqu+0vE="}},"OgEuUvqiIg03ziYGOCtDlMAmG6h1l30B8e5WDz5G7XY=":{"valueMac":{"type":"Buffer","data":"1EdIirWalyFZ6vE8yhKPLcGHVQgG0fhw+44oTzZRKV0="}},"hhD8qwFzLGwalw+768lWytAzrUAXxZvDKh25mMUeb1A=":{"valueMac":{"type":"Buffer","data":"iMG6K/79Ed+pmXrlP9C/7ERHEGbhrys74r+Fyd1bpr4="}},"8As+rojhxWmCobgMs2nKvV1zjpaYeSzgedXSQSnIyHc=":{"valueMac":{"type":"Buffer","data":"W9WDhXLOn/YIKfe22Yc4GqfbSike6kvcgB5ESSB3eS0="}},"wPyPBMNZMCob+PLdvbMYPxUE0xv92+A09CSNnZiALS4=":{"valueMac":{"type":"Buffer","data":"RlprCTp8ogGOmI8pj59pFBWHAxA97zKrBReb1VBMqFY="}},"f0nBaQMZtv2kWRIzOSSoedHJG7UFVJJpQxfo97gplH4=":{"valueMac":{"type":"Buffer","data":"Xw4ruAfg1L3UpwdZNlrSAzc33uQOMfUUlbooeb+QPis="}},"3P14FSTLW1KQ436AdgyfNS5YRmBm8WSFN+W/KvSEHtc=":{"valueMac":{"type":"Buffer","data":"CZmsP/ZSnJIJJe6NCmHgbti/hwnfxd5WnkHgzt6fPWc="}},"k9I/xfKheozYAz4o69ZPrH51+XKkh7VgtyHRawc7HU0=":{"valueMac":{"type":"Buffer","data":"d7QbFYjrwvgBoyrabhZXSi1P8N0PdHuNzA9vfg/asXA="}},"WQTBaFngqjnV0SftoMqzrcQ3X8UTFjNbNbJyVL2t5kE=":{"valueMac":{"type":"Buffer","data":"dYsKaGZPlXMqqEdYAY4N0xZxS/xQbbAjSGfnFYz8H2c="}},"vLtDiWuEquUXiYvJlpIGS7UEhffUVaStS/VKTXxWIAU=":{"valueMac":{"type":"Buffer","data":"PNxY455ED3VnelbNOoX0VuLMwaGOb7Bv3EpY0Wm42io="}},"Ri3FCY3NrRdmjrU5rZny1P2Q7EmdxxKtn/frMXyX5KQ=":{"valueMac":{"type":"Buffer","data":"VQ2HzhqhHdQWnEz0PKW/eTt/nfSS2kXlf3cdf/flt9U="}},"c9mqW5VvsXYcRlJAiCN98iGLcQ/NdYYBsz3nFo0yl9s=":{"valueMac":{"type":"Buffer","data":"U2qCTnV+618NQQmcIHIwOCivxsy1X3jYRpvVKa4is/Y="}},"uTdzeIJ13F9SZdhOwGpjWKD///umi7gqvcchK4R9NFU=":{"valueMac":{"type":"Buffer","data":"5GMRJE8zVEWcA9VdXBiyZ+tQmQsSmtY8JNEtPLm9Jnw="}},"t4aYuJYcK0IBPI0V4E2LRcfBiyW1rF9ANYFwXyVuhCA=":{"valueMac":{"type":"Buffer","data":"rXIKurKkB9jNA3BW6ukesMEOJegj7CWF8ihsi0b702U="}},"TgybVUGAL+NAi6wjDcraz6ujtzl6DPhVQUNuPC5RsfY=":{"valueMac":{"type":"Buffer","data":"tjKUuBcIoVie2TiuQBEbF8Cbq48KVEMi//gtg9ghg5A="}},"2nQVexACKEsGvDi9zWiotWHyVC066LF0AykTzUCwDhk=":{"valueMac":{"type":"Buffer","data":"HoWaSQ7Mjz7PbjdcVkECT9fmOacfcRwEyHAYzJb3N/U="}},"c2kPBubukxe7l9RHS54tD7RzbYf+EFYcOuYpDSA1DO4=":{"valueMac":{"type":"Buffer","data":"1qnB3eokjMfB4IDsNigm2EEO99FzF25XtfSVI0A2F2A="}},"z9bVppdyZlY64XRrP7oTbCCfnM7ga0Xnj0jMeYCFtOE=":{"valueMac":{"type":"Buffer","data":"1uBhZ7NEGK+sh4lndNCaHxlfizmpCI6ds/EVVfmSzoA="}},"eQV+bIWP14zWdYN0EghoS6ECrChjI8iPtxLKz9/X6jY=":{"valueMac":{"type":"Buffer","data":"FbQEXQZugLcb4+6JnDFT1V13d2ie7JkdbGxVANE3W+w="}},"3HBOIqynnFZIh2vRfF1jwGqKga6VS/4obHo31A4o6z4=":{"valueMac":{"type":"Buffer","data":"/t7Kykn9vTUPvpqnGHv00Ryni49YHrK4ICmqFjdz0e0="}},"/iqVOH0/jSyzUNeQwmJiop6WA7wSGNzDEWf/MbaR4D0=":{"valueMac":{"type":"Buffer","data":"NXfqEeXdJ1UTo7bDty4BA/rhCMK2kQhvqmLN/m8UKjU="}},"46kx+vjSN4NlcbeuU3C92NQa2paXyFaogjTyI096F4w=":{"valueMac":{"type":"Buffer","data":"uln5qAnlGNPH8/73Zm18dhSp0O/XdqOjC5i+rZB3VXs="}},"Le5TVnzEQxYuwdP4yBM8e/sXw1q3fVN3tRrXfOpx8QA=":{"valueMac":{"type":"Buffer","data":"eSr1eL+PhqB9rsdPihnl/4e+ZxTTjSlOKXdPBofx4tw="}},"DsWdzuCyrVhDOV9LqIAivUwm5FVjA8ctUySvWpyIuYs=":{"valueMac":{"type":"Buffer","data":"vHSoP+gSrg8Yy14ye52n93x90fXY9exX83rv8QTEy/U="}},"H769ANjz7qSykmoSSAmIpQVBPzbknDwbXmaq0EgD2qE=":{"valueMac":{"type":"Buffer","data":"hjRsy/e19BzbjOL61iTManaJBaIaPioieVa4uBHTGv8="}},"pZb32lamk2uIU2hrkoyLPUaBYBTpaBQQR/oJrrVaEMU=":{"valueMac":{"type":"Buffer","data":"yvckJ5LQ2AbEEoX+rBFcheMLO9XpYSABAqbPlRDlsvo="}},"sgwBJWZDY5Hb2N98xjnhzDD+j3ALbvjOGpxTLuTuVh4=":{"valueMac":{"type":"Buffer","data":"U0LR76EufbcKEyMUtjjy6OW5JLLz6/hRt3RIh7JHYto="}},"pIFkR6YuQj/SBylHGMCT8M7hiUIi8LOYwzp+RrXomJw=":{"valueMac":{"type":"Buffer","data":"z5v6bqbAvDXppHK4An56GfQyhgQBLaAXh3nqqDj8HJU="}},"S/h6jjbIKt7rdvoC9O555gINbwxnRjVKtc1sH0iY4ig=":{"valueMac":{"type":"Buffer","data":"P1JlA0K0QoW7Tw2QgeAwaj7fYjiLjuV6EuOSwuRndjE="}},"QmxMmrIp/SncyMUsJt5lvzBhD866/eZ2TS1064QcB/I=":{"valueMac":{"type":"Buffer","data":"KCmdCO0pn69wZr7sdEaRr8GC83tvP1rPAG/JoVrsndA="}},"rexJoLnNVRfVs6kjbXZu1qdV8rf3c68kKE/AKBqpscU=":{"valueMac":{"type":"Buffer","data":"LoGUpZgeE6h/+oVkl3vm4tP1p4643CrROUiWaaJ/zuY="}},"KejGVCve2Kj2IWk73GPg4r9j5ifg+6HFnzXl5JNUChY=":{"valueMac":{"type":"Buffer","data":"srCHMk4TYdyxGjTBwAncKXDO0wJPiGYkdooCI92QMtY="}},"jLXg3nIZb3eSqlI5i7ClNGvVRf6rDHyZdFLylvbAzwE=":{"valueMac":{"type":"Buffer","data":"QKM2NhC4q5otlrS0vCM1nj8HuVAF0muOOU6/eib1+ec="}},"04lKDVIKI4tbAfaLhgvH2/noV8nSmQPqwTkB48fLcOw=":{"valueMac":{"type":"Buffer","data":"CaGV8rZn2O8aUDrzvsC20kFwNZE1L7sHOtE/MkcqYxg="}},"T9P3k3+jjC+AYUxY7q/GBU2XbDWpOvyaYHWfCrUXDcA=":{"valueMac":{"type":"Buffer","data":"Qke2WmG/sRj51y9eBc+J9/aGLN+emIEw82XEKK9PUXU="}},"JaBead+oihaCneKI4uThYQVTjSTt8mDPkMwvPPTy1/Y=":{"valueMac":{"type":"Buffer","data":"mgb2tknQQUjy3ZHnJSpc2vIiMjxnmkDVGDfS/GRe3IQ="}},"l2UGpYSNcGxYxyH6D4pR1b3fuk0UZPtB3sOu4mfNm4Y=":{"valueMac":{"type":"Buffer","data":"uRpbViQHP+4MoyDRdIXhp8nHEkkALc5NPS7eA5oqWX4="}},"gH2V+g49aBiUelanjQwx62HKI/dOO/GFlBXNTYpKvI4=":{"valueMac":{"type":"Buffer","data":"x7W6+PtIexTBc0C6i5HIyhHrxvmzcqgdewva8jBEf4M="}},"YNmgZPj2E4XT3og+RAg15311jSyVDTMqdD8fFe0LtfA=":{"valueMac":{"type":"Buffer","data":"nl9HZGQE06TsXLQUAuvA0bFU7607xzaT4UnQg4gbQWo="}},"1MTdSSv+7xjMphfvHfS8gJfv+6e34+J6w7/7xCfkODg=":{"valueMac":{"type":"Buffer","data":"64XV4axwoQWTVyQvCoy9mcOurVw1GXtiRLN11wqFIT8="}},"YPC/j6+TO8y37ukh2bsUeDrqisgQ+OYyplLxiQAwxa0=":{"valueMac":{"type":"Buffer","data":"Hfv/NHzETrN5dvaKaZ8uprFtt9liiL7cF0Eiy46oAFQ="}},"EWsX3Dz6QWg9RxjMgcUavdzfTONuWae5QKGf2PKewIU=":{"valueMac":{"type":"Buffer","data":"NLKW5S/NzCLmXYL/mOQpX2zCnI5/lzKgEgJCrwpA1qI="}},"9bZXDneRO3NIgCAyAtxIeU2cmFmzT+AIxSaajSbRSrA=":{"valueMac":{"type":"Buffer","data":"l14Ql4WDKdnICdgoOIPBRwirUh1J+Dji44BjdQvm07E="}},"vdguW8IlRa1kPhvkD9auqSCHu2Hggq3yMUKAT1tcLok=":{"valueMac":{"type":"Buffer","data":"ZHYjsjpMdQHv82Pb1+R0CoiQHn+N8jMwf1oV6LyQUGQ="}},"hZXs9Tp/z7zGoPs4PjuOiQL23xQGkf3Ld7PGK67bEdQ=":{"valueMac":{"type":"Buffer","data":"r8bhmoybItiMphIJTQA+DSQ+k+FLcJyEaCUR2vKdmXU="}},"NQTYU/i5ZGl7lfcGZd9prCB/EIyv/cRb6gz/lI7ljeE=":{"valueMac":{"type":"Buffer","data":"h1pRIVod38+29NX+HDdNZKLikavd+6N9xszoT6VoGlM="}},"gkwGLk764Rh3TzlrEni52tuKbpv1Y+E3cj8ORQEWIZc=":{"valueMac":{"type":"Buffer","data":"udQ6EUumhjrIgh4Jf7Iw3Vm5POAIvqoCDMW7n2RCQdg="}},"aqJMQILLhzxIpSDNgN15U2tjO6If1yARoUFsC5MnYXE=":{"valueMac":{"type":"Buffer","data":"i6dnyMOVMIfE4zRigdQAtYJTVtco0zmnGy0iIqpGgX0="}},"E4ZVNiwyAnMDt2qwKl/+GCkVXHlen85VHOomH8Njjms=":{"valueMac":{"type":"Buffer","data":"+KRkyrIXaTujrwvWcLbsTzwLcCzEcpCuOLTU1Uk8ND0="}},"zYXYLzXfJzNQmY7I7T67ARF/yNZoDjg6/o3fUxF9BAE=":{"valueMac":{"type":"Buffer","data":"Qa6am16iP3RB0T243g/hAnPDWVOWaI/KojlDmrH+1GY="}},"gD3+YhJe8oDGzbub4UF2dRAMytoxnKWWwFpuKwWmRYQ=":{"valueMac":{"type":"Buffer","data":"eLFOjDIdt/HSWZ38vgtpyCA+IxyTtkUlD5aTOt2nXMQ="}},"PJntgTC9R+JmFg1q9QjvPME2opQZUGESlpvVLu7zd5k=":{"valueMac":{"type":"Buffer","data":"AoaukPZ/n9fKrzF2+F9Ml66Hjc52dFvRdY7QSlvCNQc="}},"0qxl5ZpN7nxuakVWYKYcrq0FKM+WxAHHvApKMFWW0zM=":{"valueMac":{"type":"Buffer","data":"141cC5znMZrwXV6mwrcWHHn7Fn7NNl/y8hr3FrgUH3E="}},"ZRqVYfdfHDcDokDhLEJp20tsHghF6jtWRX2pweK0pmg=":{"valueMac":{"type":"Buffer","data":"LYRu25/9Z/YrVetdzSiNuPYh0c1U6ARNIvn6B8gU710="}},"dHg1qMRHJmwHiC+Lu7MpZon2EFUAKR7HNEGNYflwS8A=":{"valueMac":{"type":"Buffer","data":"77CUiTjJkVWXwTO8yeW3trSm4TZ4xVXHnd/naCZtBlE="}},"V3ncmjZiwyLDT542LGPt6sJ5T304kMst2/ayLWq6LEk=":{"valueMac":{"type":"Buffer","data":"/xGZq9qIR47R1j5dQcJNZULpS7YEO5azsmtjmxwUxmA="}},"rrswkPPPF8MC+7JhDUyFwjY/1s26zO+mUXlyekJIBM8=":{"valueMac":{"type":"Buffer","data":"w3BYn+Y6mLQXfMgJoOHZAeK97qCL1Bug+V6szMzW+T4="}},"MKEr9x5TPiuuNmdrrvCHjIEcRiVuLkdzDjt5n6u3b/Y=":{"valueMac":{"type":"Buffer","data":"ncI8cX1SOluzH9ua/7cEi5UyVhNMqLsMfRU+PSvPHVk="}},"IlT886sUsAAieVgvO2TA9kPdDTGRUrANiRM0YPDEsy8=":{"valueMac":{"type":"Buffer","data":"NquKdY+jSO8ouxxqjeO68mt7qiKyqRxZrW7I1luuCBU="}},"iCcPplXw4Oo10OFfsHyaxEecfIobaDx7tAQMuJz80YA=":{"valueMac":{"type":"Buffer","data":"t0ZMm3pmlQyY0FR1P/oAr+H6J+VcL06GfJWqJSBikNU="}},"9JO+FaDSkC0lPtd8HvqC0oHvEEvcqcWTWXh/7TP821k=":{"valueMac":{"type":"Buffer","data":"RNAAiwYtc/k96X3TD3Z6pxmKzp7PfXW1bv47LW5bUxU="}},"rFiZCp/JJnVZvSBeYgdKPDQ78NjPXdyfc8Xl7QYFnrU=":{"valueMac":{"type":"Buffer","data":"cgkmhB/DRoDQXYiDKKwkaQWFV5lM99GFHSQI2ZkqnkY="}},"L0ZQDgOGTLYlXFivQDcEt6iLb6ZouYA+W27GAuDK2AM=":{"valueMac":{"type":"Buffer","data":"Tnn480HhrThE1owS24cg2fbH47ds+x4rZBs0gEv1b0g="}},"Nz0XzkS7Af2NT5lUxLBk8VZI41NYDyMRshq/MibEgPM=":{"valueMac":{"type":"Buffer","data":"4F7nZ9Ll2bS7eRenMmlW8U8/nTWGSA0Gxd0t7WxbzAM="}},"pu8DGa60SVEIZlME3f3NgrgcG+ic1hv/u62DnUku8iw=":{"valueMac":{"type":"Buffer","data":"HA1BCwa9XRXWzhWzy9jh977qxC2m161iN3kEvuL1y3w="}},"OTkeQdCHej9ZLTnYNSf7V3H8fKxoNeHcbq9QykZuwOU=":{"valueMac":{"type":"Buffer","data":"g8WAasnookXWD1C2BgOGRQ0Q4mP/SqJ0kIXxDjOmeWU="}},"tD+Q5uFwjxUm/+9iYro7OaLl5/oF+WvxStmX/fnWwAU=":{"valueMac":{"type":"Buffer","data":"Uv6wCaA0J2740IGYwamcARTiYIvegLBbaZq+sIFOe7c="}},"6+vtnfRegRELZiLeYtHU18hPwAxtryeyKXySmKMnhEo=":{"valueMac":{"type":"Buffer","data":"+qA/IxLq5UXk1E5ItV223+i1+L9jt69QaMiWJJHX3YE="}},"L7L2kqOKSLUpJo8Sh2xatH81HDcOFQSmZ10khi2ggiA=":{"valueMac":{"type":"Buffer","data":"B58q+Mrv/HjCMI+whGOF+ntY1VNYFqFDqSZDSQkEywU="}},"kqtTipqELnHumPE7aQB7zgGzdfKW0FUsJGg7jPt1DAM=":{"valueMac":{"type":"Buffer","data":"fRPJA9CnmcDCqWZhm4auybzdaAwvxaK7d+fAnDKmNTY="}},"nCc2aNWGPxX/R0rKUcPnlTaN9FV37kElr3xzrHUaLIA=":{"valueMac":{"type":"Buffer","data":"2sk3meFtoI4sgstdyoSvO8QxpBpQuXH9MS4cEiBUaCY="}},"XS4uNNExoJPDbwNUbGV91GqvcCobzJvp/z8PcP1VOzk=":{"valueMac":{"type":"Buffer","data":"hCXSKAgWA0TQFJfTJ1rI2vDmo4G+NtbosrxMZF6Fr8Y="}},"mtz5VV3E4xqOI9Qfu5LrV3JwmRIRRYCjjlq/RHwWB8g=":{"valueMac":{"type":"Buffer","data":"v9aQShYEybd1jO7DCFq+sLWhHPQ4+WJDgrwRmlvYLAs="}},"cm4bEeJW6L6eIxVFsj70aqM2CcvyfGkJOrJ8jLT2tsU=":{"valueMac":{"type":"Buffer","data":"WNIKwl0s2ZKyuFB5+z/p1MllrBIpBxH6fS5sH7/qI84="}},"/KCE04ARV/IDDZbX49ABV8LudEZ++HDTJzSgxFnUXHY=":{"valueMac":{"type":"Buffer","data":"yct0TVK+HPR4VT19oDZl+tLYauPytdN/ZCc0vHjet2M="}},"RfDi/dtrZ4Y1Ga2BpKQXY5TkXhMIgd3d180QMDbOOGs=":{"valueMac":{"type":"Buffer","data":"XY4hogsF49xjujTYelu9JqfFvhf4kwz8vZSImcgYs+M="}},"UtG51AMimHl9Ms7MWMptcUjEGnvs4XseDu/2LPAKOzQ=":{"valueMac":{"type":"Buffer","data":"zWq2ZjD8NC8eS6ng13jQ2t3fC6vMXhLa3hUj9/6pzBM="}},"BcGkVZDhSBaZN0YiLRg1gB6hNDV6aJMKL8Pm+t5/ibM=":{"valueMac":{"type":"Buffer","data":"akI1Cb3NAODkAf3TxZj2YPjCsHe8eAwRdG7JJXDcksc="}},"8ps50uTK0oCIgHI/9LfkZZiK31RPgzgXcIjKw/tj5Ow=":{"valueMac":{"type":"Buffer","data":"CyUfD955Q99CfA+6sdKyQQTSic+KBgGpL3jTIz89zPg="}},"gh0CJJQFp1DTeMqdc3Qm8LwifrYPrxdN4/fcvMdGDr0=":{"valueMac":{"type":"Buffer","data":"KqYaqO1LVK5sJeVJ/9Pkf/ro/Iq6qGVYqU2wx91IK84="}},"MLKaB7HohJOlBIpoKlnlmvtHanvWLLZJlJHKMSHguBc=":{"valueMac":{"type":"Buffer","data":"N5K5vn0sfYaYR7Oi34cu5L0EQd7TqZ/FGtI+QsY6SIE="}},"AHpa2KCRuO5GqHOFtC8atJShIH7j1k00vkqwlCfLvaI=":{"valueMac":{"type":"Buffer","data":"DLhrAPmQYLoMZUBpNYQ/PeJjIbFfZYPLrGokYmUwtq4="}},"axYeiVhknHaf6a9kPf8+2d8K5OiKhtpsmDlzoRd7YDU=":{"valueMac":{"type":"Buffer","data":"WbnvfxHtNVxuvqj/1Pkri+AlQwem7yHKe+vg99QWTpE="}},"1wxj7bHFWCWrvJU6cyJeF54GjwwfB0FIF15nyYEOh/w=":{"valueMac":{"type":"Buffer","data":"B8HMq6RNv3wKYJ4UbYSHBrVn8TIoHuDEo06PKvvWyOc="}},"WixKq50ZHaZtTazUfWEKCXDkU3CeCkWbza+woALQhS4=":{"valueMac":{"type":"Buffer","data":"4Z1I8BRLAf0fht9Gt+g6XCRMCNrROV3+64SPFWQWjPU="}},"oRns16DrAXzo22uMS40CliAMRNQmS0+dfKUIaesGsyk=":{"valueMac":{"type":"Buffer","data":"7IPotudLuM73qByuCdaGwHW+bekh1ripg/RZxmlniIc="}},"AubjRgoJv6kTJvKemrhy6H4qrc9Dt/IZjc8Kpl7AwTA=":{"valueMac":{"type":"Buffer","data":"IfmySDEvwrrYfTeKvb5TDFNyC6lJzUsGLFO1Xzu6mSg="}},"KRf/hDcp6XkMc9rp281NDZBnHdSIURjRrHGkAtqGNno=":{"valueMac":{"type":"Buffer","data":"DlsknntdTdtUBFk6LA3ukTTpWOes9seutGhR9fCBouE="}},"STOGah1yT54tz7CEm3ZO5kEinnj+QcJVTxAtJGUvu4c=":{"valueMac":{"type":"Buffer","data":"a2aiFo0qBJMjrUMHPXEm8gt9ueG+G6RYYFmTtVLdF/E="}},"y78pzm0uT5W01bTcCSRJz2I7fu+fdaKufbpeoN4W0R8=":{"valueMac":{"type":"Buffer","data":"Rs/vAbT7SPtJLXqP4pyWj4T+ynz85C8Is1U3J7pYe1Y="}},"5OpSgQSByVDdwuQYiE8xh8NDqhZZfH1Yad/El+TbQaA=":{"valueMac":{"type":"Buffer","data":"YTnwo77DxkZEWkhfdB/tsjwLCMG/F4xxEYa5jyefW9Q="}},"wxg3qL+SCvn4K2tOBnwPoDR4iX1bsPR2KysnjjmASnE=":{"valueMac":{"type":"Buffer","data":"Ykvza2zuVPLL4KgxDJDB6ZO6ipLpBTRG83XJrgW/G2I="}},"xrRV3gJs8flS+VSU8cvxwngsZ3GhhV0Zvb3KdAFPSAw=":{"valueMac":{"type":"Buffer","data":"NZsn84yw94QvWLsODfozZwqKFT38/2B1hQrsFLQ/vj4="}},"LNpkSa8mJJP1XWmnxBPBFaWtLEEXKekoordYWFRcWK4=":{"valueMac":{"type":"Buffer","data":"sFFaOGa8lNn6K+hRXrdIfot0nhmaFqEimB7kgJL+XBU="}},"jY6esB79wqXqCfZMB1+UJ0NIbC1coML7X7u6iY2YfFY=":{"valueMac":{"type":"Buffer","data":"+2Bq09TUplOZx1s44gR1S3W+cXTxroGc8hpU7H8J0Yo="}},"s85XghtQypmTvm8w/JE/E5En0ZKLPd6P3Blx7CNwkXU=":{"valueMac":{"type":"Buffer","data":"T+8n4OyQy8SatY/pqd3MNljaIdLJPYw6YPNK/VCVIEw="}},"YsHZNT9YCG/7O1QAo0GroCiv5ImdGCjKnkYjEfSuVvM=":{"valueMac":{"type":"Buffer","data":"vW5tdoUNLsxD+TLBVgERWfQc/ccAhJYOWiTe7xBbMng="}},"pSPiMDTJ/vUZNfCviruQsglhfdLVOFSKv445T3KIUwg=":{"valueMac":{"type":"Buffer","data":"UHyvlXQzfyeDAx48Hx8VN8NSKObjdOnRtTeQcbaSB6g="}},"6wlOANLjSLP9GukaCmfkwa33buFVAz/0lhQwColsVm8=":{"valueMac":{"type":"Buffer","data":"GR+I2rDcCt/HX8wC4htxZGmgv6UQjbP/1proTjWHUUE="}},"DKuTA7jJjGWjw1BJAAsZcQ1Z3SqXelz0wytbJAmOlFo=":{"valueMac":{"type":"Buffer","data":"ggyC0lPPar0JB1I2t6ZbSU1xsSO4t6N5rU/bc+q2UOc="}},"SeoQjn2rmaHmP6rxnLhv6QSvNqeMDBUKYYv8ObojB+I=":{"valueMac":{"type":"Buffer","data":"MEi05DsFcDmggcTwT/TshpSAPzAfvFsYE6i9dF8KH70="}},"HjhDhl+TfYv3zWphHIrtOisGdT1loHkkjczFFvXIa88=":{"valueMac":{"type":"Buffer","data":"rhQO64Bx7XNK0zeCd2RvGAak0P3qiEdXD2lJddrrKLU="}},"DOIWWnYOILWQVY21MmpMFjicNF+UbroOQ/lDuq07IrM=":{"valueMac":{"type":"Buffer","data":"tnIEvg6KpR97BBTGXAHqOfVjIz/4gvy6Vs3K21mNawo="}},"ifNKkxRqx8ATJhyBQ+Bs8VHgC4gyaYnMTl47u2nFYvU=":{"valueMac":{"type":"Buffer","data":"2qBTSpGqFCHA06eDksYi9K6GN3Xwk1fLHa4FImeK6mo="}},"E9JKlbf1QbC0ktg9bISaQ2CWQb2XVSui54/u9RBUCeU=":{"valueMac":{"type":"Buffer","data":"pI95n5gidlSIc0AfTRZsCq4pV+PjIyrud964Jxf/0Bg="}},"4Od0sraOE5PQY4vKDda7u2lcWA7mv/FgayThsyxD7Ls=":{"valueMac":{"type":"Buffer","data":"/A+HlqAG8t5gNvWflJCJjYf1c4Z/SaB9SExJMGvc/4w="}},"oIL40JG7YgzOXveDGRXeBDbDQ0nP8oZXbEmuOQ9WXLM=":{"valueMac":{"type":"Buffer","data":"FG3UdUw4hUGSYQM6NhvNyL3i5s6Qgb7Ds3AnyAXKb8E="}},"J7X5uwjU41pZ4sHaNoGJQRJheK5v/MaTxjqQ9gGattI=":{"valueMac":{"type":"Buffer","data":"Ox4BE8PwZNaX50jhmSnUCtEji4nZs07Nrb3YYzupDzc="}},"rlX+eS61pRtnX41Ffp6w64XWOx/tz4V4TgyMxZ30JIw=":{"valueMac":{"type":"Buffer","data":"k9IDVLGbsGqAKoDXoXo3LCA5eXUkfq09Xi8Gwb2ytw0="}},"PeAoWGES99dqVR5u8GtwJMmk/Krp3Y/MFi6Nat5Vwec=":{"valueMac":{"type":"Buffer","data":"4+kCIuPnqDLehYaJU3lY3hsR4GpMOV+gFraGjCQg1Eo="}},"CdnMyAg/iweR6UkBT5rPrpKl7feSmVBwp1jKqRo2+Tw=":{"valueMac":{"type":"Buffer","data":"+yQEmg3PL+gi2apYx9lES/kHh/IyP6IyKgVC7IiRXRM="}},"VgESI4a7X9ZeX62ndRlCXhDvqWUW6iPevWTsr/Wkg/Y=":{"valueMac":{"type":"Buffer","data":"eL0NEl+D8f7t7Z/1opNLuNvn3nDelmeA9YZj96cmQlA="}},"tSw9L6I/8EbYVPxyTSRS2AyC1ggbK2ZVct+A+9AVMCc=":{"valueMac":{"type":"Buffer","data":"NmJHQ84DnXnU4+qz2wMViZQWAvEQ6YWxTFqzVgElb/s="}},"/5QrEyWohcT6uK56D3lKzC/3UEBFy8ivoEntSy5Qlm0=":{"valueMac":{"type":"Buffer","data":"limzO49A/GKDohnhWSLJ+1BQzW1YC7y+aQamRVNwjRw="}},"SHdhb8LEGKkufX21DC8QPKDlCirAV7+yO1F8fJaX43U=":{"valueMac":{"type":"Buffer","data":"sT7v2/EwJU2HaCFD+hHjMLkGpua0nNfAsl1qJbnYmk0="}},"JSkz9M0/udA3ngWSvniVp1k5JwxT2eo1xrUvEpSbWyA=":{"valueMac":{"type":"Buffer","data":"2RcubiKxMyprUAGWZTrlhYkruLP2yPQvNVZz78vDSiw="}},"e5gL7XsWCt3aU6SVdS0HqKTQihxOkzIzxKHseOKeLyc=":{"valueMac":{"type":"Buffer","data":"E+VI8rpWkPn/wWiA0IUU0g3X7qM8T+wNNgtI18n1PgA="}},"q6OEeRlOL3fNwCUIqgGiqxDMb3El5IpaSZEFJLi5Vd8=":{"valueMac":{"type":"Buffer","data":"ssqAoWfB5kdmL0oSQtefM4KLvEGvTX74hCUiXG+OchI="}},"N/dTF3TCJe1laIh/anFe0ycFimr1+OGF39djCgg/Te0=":{"valueMac":{"type":"Buffer","data":"Yssn8eVR00gI0xbnJfO36O3IYxs+IdIecstuHH1sBlE="}},"zcF1EHpBE0EvkVTz5KhgT9H7nE0pLORVY0yHGLwFmAg=":{"valueMac":{"type":"Buffer","data":"bWPk+pjcxRhidwRMz8wueXh5c7bWCuBzGhXVCDT80WA="}},"Avb2HpitHymzavza5joGtF4GA2r7gtlOjelO9B0V8lw=":{"valueMac":{"type":"Buffer","data":"PEyVcGGWoNIQTF5i8fs8kwqHQi5L0Bqg+6hBbtGmqnM="}},"jhwjBES8HxrQhpfu8DrvYXuA8JsIrnbEDOiqTRyfvIc=":{"valueMac":{"type":"Buffer","data":"Jl8jwcrIS1NZSZzlflZgeZpFz+8VU2U+Rai8gtXi6fY="}},"bybY7OT+ItVXqjgtuS5BzY65/2RKL/YB/sa3PPT7iDY=":{"valueMac":{"type":"Buffer","data":"kHjDcsynBfjA1Odl09fzqkfVuowx0tu8muAOAxBH3Uo="}},"iJN6tMgP81BJw0ra+0vX5zphpJUKZSthctabUhu2mXM=":{"valueMac":{"type":"Buffer","data":"CzOETvUca0zOE5g7gjxaPo4QuIR3MoW4ZdHPDBuET34="}},"Xos7Hwe65I6lsyNd8LaS2Eb1TIDFFA5XgYZ/Rn7cH5M=":{"valueMac":{"type":"Buffer","data":"VPKItp+ZDco/aWJeYM0ttSmvB1fgrWMjSB4UFaZ9Oi4="}},"au4PXS7vm4xJYkiUHj6Rox2m4vtVfystoQyuXZSQOyo=":{"valueMac":{"type":"Buffer","data":"/7OfYBL/gmEh2wIQkRUrjtWxejyQUYzfB/7BiX1DFOE="}},"x1NZ0GIQAqRSfr7y85h+Q7IYMeCExj4F6OHxpXjo35o=":{"valueMac":{"type":"Buffer","data":"HdWplCrNQ2SE32xr4DlUiujyRFYUGxx6RMSs0dCNfgY="}},"TAWtxeKz3X30lTVfilBzMnRdz9JzXCT6UVyUTZo52v4=":{"valueMac":{"type":"Buffer","data":"E7svluPJFHrbfuKroiyhRAM2K6e2A/LMB5vIvBtMarM="}},"EKdpcvWxO0BSeUs+OGSgtRlX6T/wmv1njJogwCHg3iI=":{"valueMac":{"type":"Buffer","data":"JLw+J17j50DpedXs/OvI4zqVGTNcf1UtA/nay6Ff8TU="}},"E2ouebCA99vzGIpihBL1CyCC+rEdcfNe6qdE9fDdhZU=":{"valueMac":{"type":"Buffer","data":"Nc71EGashK/X7/U+lkaimmGyDa0Jj8Wg0BJ4U6lW8ys="}},"kvPHhN/UYoM2WaBDSw4UMKRtRuriM9/GwlKxxAQe47k=":{"valueMac":{"type":"Buffer","data":"0CZ9Q5wCYUvMyhSmUESIGIRBk5pHx6UBqjDHBH+5KRk="}},"vFmjzjai6DeD1gHgbfkagi0GE0Y7v4GVazOrTKnAGCI=":{"valueMac":{"type":"Buffer","data":"u3mzgYyfKoYMprenaBV2u7gGVUzn2DyC/RGhj5Mq8zY="}},"46pwnai0vjmFUJkg00rGM6dFytPNr54OwxOJDDPSMms=":{"valueMac":{"type":"Buffer","data":"doP4C3BBd5wUInfT7GhxiSfPZ1BUSI3K/hkjR8jf0wk="}},"4Zsman4xF8zyfQiBScJ6s8vQf8/sf9v8k+DJRcKM3RU=":{"valueMac":{"type":"Buffer","data":"7zC/zNriK28gBdXklf3yHvSVgk1d8Cn8mfRw3CMUBYA="}},"q6uH54W35pexiEYB45hK3iDPzfcO7AuEZV0+wNHdOO0=":{"valueMac":{"type":"Buffer","data":"R3C/0lZKqAYw4rXibgGijgnYy5ktZqJXFEgcduqUVgY="}},"S3mz9FWMLL/V4e1pEGiwPkUIG9ehz1/Aypkn/HklOzg=":{"valueMac":{"type":"Buffer","data":"zYUkigudvsVbH7lZxY2jCCRuVk0/AebF9ivNNdJORfw="}},"+NCq7MqBR02VRY2QGeHswmFYevOm5eQ+yfuAXV48DJA=":{"valueMac":{"type":"Buffer","data":"7AFfiZTUtlvZ8Ir++fhrRultBKC6QPW3/H8Ak5BI81g="}},"E/WC6AQzUB7v0kJmTjNRGgozaTkENEdU4286py1EU7o=":{"valueMac":{"type":"Buffer","data":"HifTbbeoiH7p/2vWVR2AeHFrM9KDEcL4JKQZt6aEg+o="}},"wg9VWvTaI5jSp1CGtpSQlW/tR+Ys3JAKPpLmoGlQtYU=":{"valueMac":{"type":"Buffer","data":"dLqM+SrUeVV72Ulygfe+OLB4OJ/aptiUjK0ywpjO8SA="}},"HqMuvsn1wBLjPdDjv2FefnXjBX8YGHH5BJXwEzaCepA=":{"valueMac":{"type":"Buffer","data":"xsmiYdIK0izAEjkGflesKh5wKqZSKuSUX2k8ym0HWSU="}},"kSlLRi+tV1YuDvfafVIi7JjToeeGpskr/tNysNcPFTQ=":{"valueMac":{"type":"Buffer","data":"qrlcWyFd7YB94exRU+6JFWSO/LtIXsj26eKeckKyey8="}},"mcNuxV5RJT3tm346jFfMFo1rCLPDRs8dG8ObfbY0NUI=":{"valueMac":{"type":"Buffer","data":"j6qwhzB3OdrlPnqYNu8Y1YaiMDDc7BIr5I5cNvu8kVA="}},"LdDbTr/Qmf9reiU6yaW5qUetxUTyrUMvG6RvA7EH18c=":{"valueMac":{"type":"Buffer","data":"w76wDbk3F8RLYYx5GlQphZimpA1eUnq5D+LHUmbeAu4="}},"r1K6Sjb6Kq+Ky4+WnTvYD67IeHJxMSmXPwZsLjmCXcQ=":{"valueMac":{"type":"Buffer","data":"fYweeXBkIAAoTM1x0qRt2K6gbOjwVyG6vn6EG3mG/FY="}},"qnO8uNKt1BmPb2LAOGoxI6P7rjjOsCnTH3HoLcd8f38=":{"valueMac":{"type":"Buffer","data":"K2L8Oy4wWq6aZxxntmvreLWkPG7ivcfrU/3scEXWIGQ="}},"pyNOctGoq+2L5b9ez+ffRkxEb8x/CSc25ADNW5ikOpU=":{"valueMac":{"type":"Buffer","data":"PpTCEZuUOBePalBFqUyTTkLtrOODQyLK3/KlQDsIVYw="}},"xftyYhLvv1n2bLvWy4eiBCs6g10m9Wscwg/VDApo+jY=":{"valueMac":{"type":"Buffer","data":"8qGLv9BM6wqrj7ATGq7GAopoOH8PUJ8EDrzIk1xe86Y="}},"CqKFUHqAWdCznzS7il/pQB4tvkjFCjez09rkj4S6Stk=":{"valueMac":{"type":"Buffer","data":"IUqkV6u554qsDsOLIP+bYiK91HX1/h+edeDycUxcRG0="}},"ByipBABrt0CTsYILN8AnMSFykwGU8Y/f/O1cJSo/VC8=":{"valueMac":{"type":"Buffer","data":"xHccv6UP/RJCHeKleeuxmlD96zTD/d/cEWjW2I6CztI="}},"9ZIXPklJqO5KivJC5NBqKA1kG4DlyltF2w+/ROK+MOk=":{"valueMac":{"type":"Buffer","data":"m7f4Un7QJhXXtTW37Obp9P2aDY32DGgl7eH1Fhreh/s="}},"Hom65kvx20kuZ2PvAHgfxF8zCpQbVoUPoM3KDsX9jbU=":{"valueMac":{"type":"Buffer","data":"u4bjThhp+/j6jwEG8hOkThcO6ytuZpaFNPBiwxdbReE="}},"wFUJvBaWHaSbSUfioWf+QPq4EFJ4VMp4kycf6EW53Vo=":{"valueMac":{"type":"Buffer","data":"tJqy2p0R6nQkLlr90WtWTOW3QLDuLQtf4Drkk3LR96c="}},"cctB2IM6PYTZ1wNFjhp15dfN3Nvw29D4xBuy0wtuzHs=":{"valueMac":{"type":"Buffer","data":"ylxEE8JbUljCe7ySrbL5QV7zmLxO/QM0Nj4+YzmsuFg="}},"hSN9+Q2L63gXJrW6qS7YnL+v6Wt5Nqvqa0Qm1NnR33s=":{"valueMac":{"type":"Buffer","data":"TQFbBPeeyBGV20lLI4ElRZkHVPYp8fnIvS/JjkVF3/0="}},"UUii8tPK/UZCmQj8r7aLTPBnZN0NdzOlIU5UdbZrnVg=":{"valueMac":{"type":"Buffer","data":"ZFiqDYZ3Up5ytFGVoMXpEz6JzuwfVMQDLRuCSg2pVBE="}},"F9kl92jX7SWcp3ThS6ewzXcPvbF68oEaDmX0g2lm97U=":{"valueMac":{"type":"Buffer","data":"un437bBuG7+UIrhIaltlBxefUbm6HgwKTRNmxGXhtbk="}},"g9PGplWS/m+wzyCI2onxkk8Bo6982HqdOofulVqGNzs=":{"valueMac":{"type":"Buffer","data":"jX2d96GC271IRAdQjKokSZ9vrpcwUAfTLizQedxxAms="}},"/6KRq2cVs1PdaROfIMTWqCCxkUJtZ8kkXzhaU5+YQL4=":{"valueMac":{"type":"Buffer","data":"jkRF5SLUPqyZb/Wjm7b2LGYRdiCfmF4oVI0dMQjOib0="}},"fK8mdCvXWIk6PG/hFUUbwBquxpHYdvPoygdn3OjbrT8=":{"valueMac":{"type":"Buffer","data":"5JL0SS2ubpySaP8Ej4X4Zdc7v0DB8FhBBqAxwaqBSLc="}},"SDedzFS1Al6Gf56sROpY2hCPktHOzYBA2LidSD+QFr0=":{"valueMac":{"type":"Buffer","data":"8DaD6B1Ph42YPJNUKDlINW5a3W7r5plCQ8JSD9E4hBw="}},"UkN2ZU+Xzn23CNXNvf90lETWDyWH8k2PxK7KrAzS6PQ=":{"valueMac":{"type":"Buffer","data":"1O9IM2Yk2K93Rv4VpmyLN0qGcUwQRGDMCyQmKAonSyI="}},"HyAWZtMqSDFi7li3Q8Lbw/wH17OMdHR1DY0znSMwjlY=":{"valueMac":{"type":"Buffer","data":"w030SkhRLFQEFJJ94t/S8PlfItlgAiT+vZs7HT1S5r8="}},"AQatAjsresrzt66C57hTmvE3Wi6Fje9Sz3ifXpuDVM8=":{"valueMac":{"type":"Buffer","data":"0UTgMAJeWrV6zTX2SovrW1cguSg75SUR/qwPmY2K8RQ="}},"KTC2mmRfG9Jwhf6NeeeUrLxh+6TMEtSGl6v5EXT6wcw=":{"valueMac":{"type":"Buffer","data":"y+5UqSweU0YWp4xlfcOATONI845Lw0VdCzaA+0MWSn4="}},"Xd7WeaY9ZErzukedtPdHOlMvb6wZfW1BJSUoIN0sBw0=":{"valueMac":{"type":"Buffer","data":"xpES3Xb8OsCirCV/f7YnIf8lqVSZkXmmXOgrfCs+irw="}},"+v7x7T/RkTuXHVwRRtZ/WHumOolx6h32psFiCEYYQmo=":{"valueMac":{"type":"Buffer","data":"pHgge7cbHRBs/8medjQMJFGHB69dQo08R6Wh/eLGd5I="}},"WMRzFRgp1f4CdHXbVqjPn6WTSc8d1sW/rGTOYD+slsc=":{"valueMac":{"type":"Buffer","data":"Lm9bB2gUyjUvvvswelYHDtXXps59+fWNAhPOQiSTsHs="}},"c58gBsEVs0zAn0EXcS/ytBsc9y4OFtb+nR7rrGior7s=":{"valueMac":{"type":"Buffer","data":"0IKoyPXQWPdFs2YFNxDz6Rl4rYDCcSb8QLBtgS5gJfI="}},"qDtZb56QjCY2PKPaQTgB9+1bU38owJTMKYJsVu9u3FE=":{"valueMac":{"type":"Buffer","data":"vkV7ldreMsbEgPXzKhewDzpN2+ANXIZwCuZruXyzz+g="}},"FSLFErNAC5NfnZZlmAvwvkumX34Wb6kvq7ZCgss2Piw=":{"valueMac":{"type":"Buffer","data":"jhQFoC9ArgHD+Xp+HBYoKVQC4Z+AuNgPr5p15XpHhNw="}},"LyeucgRg2M0V183Dw5PNysU13ZYgQ6P6VA/L2W2c7Uc=":{"valueMac":{"type":"Buffer","data":"qQTsa1IWcH6TP/jPmX3uAInUTuaJQKe/f8hJdVXUmqk="}},"+fUKqqqv+sq9z0Vsl2c9ZCLDaZ1yTCsU0Z4ZjdBJfJ4=":{"valueMac":{"type":"Buffer","data":"52Fme5UyGgxZIUlaAEMpkuUGiG17cfuAmLjYtWnEb6I="}},"hgb3W3Pctp7xn76j+fVgOb48Uj6hmnXc7+9hqH8EXHw=":{"valueMac":{"type":"Buffer","data":"tKsDxReWVezl3kbUXTkXu3McoDDPfGUY7yzPW+9NwPM="}},"KxA91xygFe9TTtTlnsa9QLolqHJPqXtoCwzuC3XUdHo=":{"valueMac":{"type":"Buffer","data":"6xwSnqD3fI1+Qmt4+HFlExOz185TYwd9U6iZszjBQg0="}},"umkAVLdkVkTmQXh0PfmAJZ8yq3LuGHocv9FTw89optY=":{"valueMac":{"type":"Buffer","data":"new8BpckO27UEJC+2AwcSwnGpqRkmtCjHn11GHeMSMQ="}},"tLDmyXOkEFLgKvClKzbMwYcB6WvkVlsFx2HZtU/a2KY=":{"valueMac":{"type":"Buffer","data":"pngwrnJm8lFw2L7aRQyvqV3eJJ7IL0mnxgvE8PnYLe4="}},"hLge3R5OMtkZcMnn6pUUikHLW5SMf/6WrsTUZl9vR3s=":{"valueMac":{"type":"Buffer","data":"DFmtvV++PXzdoaJfbtnDx9Q7QODcQ29HWPz1k33A8ys="}},"5jgiSDjXQpU09u8Y4OBBZLPbr61InNiPdRLo3TUbXl4=":{"valueMac":{"type":"Buffer","data":"2Hnb0MdU77d+eKW1aCD5Li2datUXOaL8EekVhxLDz/4="}},"/dfpBJwYGj/9pfV8dh1EeOoMQ9S/cLRpBA9AIjzOaGk=":{"valueMac":{"type":"Buffer","data":"qdObMJRd4x6ERQGYlMb7aoUFh+W5CxPzQkw6vWGiSEE="}},"Jrdz1ikmEV3i6ObN4QFBNSrQLJX74kv4mC7F/bGd5Yg=":{"valueMac":{"type":"Buffer","data":"p0jH/mlNQYEh+VpPhm4ct85quKQigqMR7hW2sXFHMgk="}},"bE+bFTdwlyaNX3NOhUz2tGGXlLinNkw0Kxmb7c1u1b0=":{"valueMac":{"type":"Buffer","data":"ZtxvoS3jxFmDnRDJJdQUlHsCQCy15VQjnfmshzGeU0Q="}},"F6RO1iyYoQvTSy0YRWOiYRut+P0cLcknVSYFc3DHYf4=":{"valueMac":{"type":"Buffer","data":"M8LSLLtOOy6OqZ7oDoa+Ke1idXXzRf2yI/7pq7R8UXE="}},"dd9zjEUdj3fX961XSNfho51wT2s+bPM7l7d7UJ0G3lY=":{"valueMac":{"type":"Buffer","data":"51tE8oCY0VBOQruIOrnMf1Wkpmx8Mo/yYABzqrM4pCE="}},"cPOvaWeHLDDmJRojDOdg2z45nFk36OxOwlzLs88XrcY=":{"valueMac":{"type":"Buffer","data":"oEeO96Tv7lrdy4Ba1OZNWF+zfkxR9flUuFfA1Vmryms="}},"mTVUf8SXIZYJw/UPZ+icIGW3cGnJZyh+8qIoPT3nUyw=":{"valueMac":{"type":"Buffer","data":"V6uoyWe15DZlGr9GYHxNeYdJkv71yCTz2p7pStfWt7U="}},"XHhJ3d47nPTB6n136yRaGqmSh2UfivZIhxWMzbb1VVs=":{"valueMac":{"type":"Buffer","data":"KFe1B0saXaBeIeRCB6hnMW+V0HQYaUKETecqNUC7dpY="}},"CLGNUrBqbq0UkQSEDNsK28+0HmWTsu8Il0oxzYjfWBY=":{"valueMac":{"type":"Buffer","data":"Ct9I/jKrfApVwoRsKefEyBexxa1SFKHoOP5e0yMwHCY="}},"/nDTONsx5USSWPsbOTM4gIEpfgGCT2yAgDpWEio1JOg=":{"valueMac":{"type":"Buffer","data":"xy1e651c+3nmXjHgMyvyBBT1mhBxqcc14HjPGY2lv9Y="}},"hFjxX30k+LMzTPaMA6IUHqw9IqbTuYlSlEVfZv0KDQg=":{"valueMac":{"type":"Buffer","data":"YdfCHcX7hTOC10kNQ7Z9iOYEBOnsbESuMq0Vg0sv41Q="}},"MU6O8uQKomM1dQUyu/Zk9gcjVY4zjcCHot0r0eiHRko=":{"valueMac":{"type":"Buffer","data":"i5ANLXgaD0zH7XfBJt+bnKFY7Yla0MApnYDl3o37tEM="}},"XVA0Apnh0S4QIMgbgwh82Gzm/79lfpzpe0enzc4kmu0=":{"valueMac":{"type":"Buffer","data":"iSn8eeH45dntYS1srDrU3rdVs95ZyIV/e+ibdcaeUO0="}},"6E+MIFv3JklzGBzLW2yzqJKGgCdnFEP5z6a5vp/8DUo=":{"valueMac":{"type":"Buffer","data":"9AQep2E3LcRz/Wg+ix0Xm6Fe79zgHDHA9Lia+v2Woog="}},"sg5vbVaxZTUds2TnoM+DMMNm6bfnFp1AOv+6ej2ji90=":{"valueMac":{"type":"Buffer","data":"mYM67KEX/Yf4cX9tqPmVHMv56zMaEhPaKTfKXVdiA9s="}},"d43ii2FV5CK0Vyi9jn3Svplwf4xFgKloKKCWaGrM5fw=":{"valueMac":{"type":"Buffer","data":"7Yxeeu9sGjTZpuAIgwbhdF4ZJxZZw+xZ35jwMy6nySo="}},"150IKFdnKWO5gJyOOdxCFFa+qj+8g2/qRJaECbTchbU=":{"valueMac":{"type":"Buffer","data":"e9v89QqD8+lHt9W7EMdhabANvEbLEVyPJWyHQAKWMqs="}},"Xomw+M/11oqhQdpLSAR33wpVCVgi2Pb/JIaEK4dbrCE=":{"valueMac":{"type":"Buffer","data":"jnOuKlbn1Jr0wvfl3wOD2a3zru5cuxxc8Hi4hspBvIM="}},"/HsZ88BO/FGy+b9uRnwCybpZ2Yhq3iR3EKG7YzooM1E=":{"valueMac":{"type":"Buffer","data":"RHGQFPp847it62pR8l8/yGpTuiKDXZOvF5I5nJNHC/w="}},"sIYP+Zw0IO4ykmtQXXHyzzy/0sjq2T14Z4fsHlY3MqI=":{"valueMac":{"type":"Buffer","data":"2/FAAxdKM2Q6zXr3DvhZZX8MDthc7/QLgdsbUMx7R3A="}},"YeD/j46qhRawOYH8pDaAioJPjGOt3veBrlLKWOvWHlw=":{"valueMac":{"type":"Buffer","data":"5ehvJVNHeeqhTQ+NHTiiDCKMXTw8Db/xSbcfswJ8l2M="}},"F6H+60AupsJC9PSD8jkCMfKCAx55b5g8wMsGUdEH6rw=":{"valueMac":{"type":"Buffer","data":"UMZFTDEY8YWWHVTv+uySYdfrR3Uypv49wljtpJDV+8c="}},"wnxipQfls2dc7c454+pJ8r0yEqv7BB9MTYhtp007htc=":{"valueMac":{"type":"Buffer","data":"ufFkQbDlaUr9ZwZ4zQIGoLlt/0I8sxr208iEHMfRx0Q="}},"2WVaSLflAHscw45KoCSDC5zLUhN774x2YysO8X2uxJk=":{"valueMac":{"type":"Buffer","data":"qbENuCjB3QFI1ZqLuoBbN8G5uft187ECO7nTLqcpxKM="}},"7ez7XN0SEQ4qcXPLhJz1YVoBsrMmL3fB9RMi35yZIqs=":{"valueMac":{"type":"Buffer","data":"pDPuUps+VtJaST8BQIwsNgGbYIzrPvlaGAbRNqv+FdI="}},"Qt6plsKGoKw5LAV+rcrVZvgS/MKkWKHpIV5zVcl56M8=":{"valueMac":{"type":"Buffer","data":"NLrWOSijImJyfqAf9tq4+APBv5CB6qyquTBkiOBbjzw="}},"tFhiuj1W6QcwKyUlUK0tfg7czLV+K5bigsMu5A3H+9s=":{"valueMac":{"type":"Buffer","data":"IkO3np05A5aU0pp5kHAUVtpiwndS5Ray9bCNl7ht1PQ="}},"2GseopXt/YcqvV8kcCbbEpaRfAaA3LkGeAfIIgk9W0Y=":{"valueMac":{"type":"Buffer","data":"cU3+0d3ULFHUjBKqDFQfEoEai9BgHDZmFEZcSJj7GjE="}},"ucswIEOM4BgIizjH3gCNocMLbl3XUO3l8GgCGmdZBHg=":{"valueMac":{"type":"Buffer","data":"Z7oBrdXZCzwujDL4W69A/FODvJJZBCqDd3G52rTN7xE="}},"lBn9DhpZpYxIc1GHN7Z8fBi+jRIwrI8mT/eEfS1vcF4=":{"valueMac":{"type":"Buffer","data":"tenfMfWg1BWhIb4DgXvpFZeVqJD6OZ9BCgkeRD5Dbjo="}},"a6dfcEZ9YtMeqhjJPG3WN9riF7Gu/ThBIipLC8IaCtc=":{"valueMac":{"type":"Buffer","data":"/+YjmrRS1yFFVvlpgZPAYAdwEpN55MVEn2HFlIUtt78="}},"+gFHB5dnW/QeyOcR3i4p5XZFOYruL71yNrICO4qhKuA=":{"valueMac":{"type":"Buffer","data":"XC9C5dYcYsuJt/vBY+rkhXeyW45KMDRCYoCEktbT0i4="}},"GG7axxLz7z65e0Q5ceGAaNDOBc7xmRtVNFKeocw14Nk=":{"valueMac":{"type":"Buffer","data":"8crEPGJtIYRA+6Tyx5bxHsFyrcOyXHolyOzzawse+nk="}},"vfbwASGRFoFrVo9KNmYZBdwA8Hqu6qIdfnYKyz5jPHc=":{"valueMac":{"type":"Buffer","data":"6DO7g7ncPeEPDSpqe8A3m4rPOdrEP+NotyxMBUjMjvA="}},"ONhfPuoLnTmT7gToGQzQT+srVQ4oHf7Ph3h1KahhdzQ=":{"valueMac":{"type":"Buffer","data":"POr3TO5osTQXe6VGSSKm1qsq1ltLarey4DdOYP8bRz4="}},"AjcGUpgQR49Nzgcxo9GVH2vmWs9Y3j2FPas5oQaxD5s=":{"valueMac":{"type":"Buffer","data":"XvX6kRxSQSEb/XGR4qXxwSwo0FSo2a1Sk0z2DHu7g7c="}},"FNBGmCZL0qZQKkqitJ59Kd2R1WEeebAQ050IzrOXw/c=":{"valueMac":{"type":"Buffer","data":"5onCAK+VeRTu7lCWj1+CaVo0zySNk8QzIemNv7OTHUU="}},"yb1SPLyypU1MUue69lUgQh82iYvSCrUmLJZKMpJQo2A=":{"valueMac":{"type":"Buffer","data":"SZ4K5oDvJwOAAILUjz3aeBUjkDWqH9J3WRdbR9yrPqM="}},"roaYmtLJMluyS5lvWTEHC/SpZWRT9Z+/fYgbWTYOeVA=":{"valueMac":{"type":"Buffer","data":"qf7PEA/QDZI2aN2Z6GpHbvCq6toEDJOHUM0FUzzTc0A="}},"L4JnezlULrhuLXET7Avuw8xacyDzlkat9NN3yZomJq0=":{"valueMac":{"type":"Buffer","data":"Z9hRFzC/6o5A7r38al21Af1KwBFVheyDEoH5l4oitxY="}},"zegAESvjO2kkns+TzEjdqXMZGZV+Zp8ajGO6JRCmokc=":{"valueMac":{"type":"Buffer","data":"3Dd8xEgrzM01JGBMmlqqbYVNYPXEsetu0P+LIHTCKVY="}},"o5AiGV44khJNGpLOyaSlyPx+YtpPWsKewnCq+2Xlw/E=":{"valueMac":{"type":"Buffer","data":"8zG0dfKwQelxD3WAFjRdr7kbIGSVRU5IXzloRJ9syAc="}},"9/f7ZdoMQUJcyx0osFRpqggsMptprNhEiyR6q6ytbnQ=":{"valueMac":{"type":"Buffer","data":"oeOy2YOfC/p8+iko6dBezOy1TyngkT9jHYnbOFSBR6E="}},"/2clJBifq3sG9naLtFcsrt3T89ILOlajuuW61JXGaG0=":{"valueMac":{"type":"Buffer","data":"JLXEIaww+zO9U3elDDDv1rO3UK7V4EIKVtDFxUKMtt4="}},"dn4NJ0rgyoZwnVNqCa42PYlgiCAE6vBH1hVtY75kkT4=":{"valueMac":{"type":"Buffer","data":"cc0kN0zKk7VCVoO3vFZRfH9Y1jOzJzwOpimo8OrzrlE="}},"4lCtQWiKVbfquvcQFlG9mBPJizPO3sCKK8eehgemKmw=":{"valueMac":{"type":"Buffer","data":"rzT1Gld70hwqBExtcPb6xX0cE/rjqsGTuHEZ/GtukVc="}},"AtTYQGvGyprgVOcjvqqDDrSYgf1mu+Zb8Cxa3L+cxS0=":{"valueMac":{"type":"Buffer","data":"H1Nr/GAdYLbrAcm3kljvHHhI5Pq3i2eVgofI5GWmR6E="}},"jcl4PKT18KJ6oTl8bk4A8ygvgQYWSTBvfkssoFGHtAE=":{"valueMac":{"type":"Buffer","data":"kJ82HYPnwJVtAzxhwjMX9psK9m8DHd26A2r+yWOYAos="}},"4uI68gIc7KBwYnpRbXIOwmzCMiYi9uSi7gDbOt3+RTo=":{"valueMac":{"type":"Buffer","data":"5bqMAMjqpJgiVESXg3jXJHon0nEanqnFBNiD/3i5WiE="}},"JrgZL0vqfSGgFPpuqGjDrzBkWGMo3tRwSSelHVVdwMI=":{"valueMac":{"type":"Buffer","data":"aTyc1kdZhQXWlWuuPKyIlQK632RjrVpn3XgEwm9aZs0="}},"xI3W1i8fHe4pzeQMX+MQwcdhNf2HAUdwYzLrJpxNypI=":{"valueMac":{"type":"Buffer","data":"QWMKETIlYIrAlV8kSGVZTzJ31GXmAqB2Nzi+eMg3J68="}},"h6PNW6XE71ND/HATFhra/zlm9ejeuB+MHDry9rvmV1w=":{"valueMac":{"type":"Buffer","data":"U+WVqdJnKECcddFjXFANrLD9hmuwYEhnsMlPjRuaU6w="}},"v4cy0ZHj6T2pei4a3+JOxmRGDrTFR2aLVEORHjUXmaw=":{"valueMac":{"type":"Buffer","data":"yGRpwFylpAHj1XPMONGlCWvWzBhiIrVj+KctQWlDER0="}},"VTX4Tz3lnDTeKb3B6/p9m2TY70b4ctwrWQPSkUGG8rE=":{"valueMac":{"type":"Buffer","data":"grap6Thzv6oYgllE5xr2lJ44ErSHkjIV4+rK+v/bAhQ="}},"iLweDCFPYcsO4MwNqtoo35z7OjifHEHk63eKqGoX5+A=":{"valueMac":{"type":"Buffer","data":"JvamA26fT6RO9xSPMqom9AwYKdVesn7Ta82LnGerT3Y="}},"tCH1r2jzEqYsbEXW1R+Vhv0JMpK6uqYPYfvOVXjAZic=":{"valueMac":{"type":"Buffer","data":"76hKx5LuaFGIvGpygTZmXbtBdx4KHdClxjS7mE8sK0k="}},"4XT4wZNb5kkzJ/CFvHjIaqDkrrVlSu9GCmqAoIqUAp4=":{"valueMac":{"type":"Buffer","data":"xBjoPgKegQe5HJh6ZD/hnKPzbxQEPqu6NarqYKpbEQA="}},"zFF4kyghkKgdgkCTnH694Tm2SAKBiVQdzJ1Oy91TeMU=":{"valueMac":{"type":"Buffer","data":"ZzkCfelqBMPt5fYNBnYWIBjSZrLQbQHusm3gE3c/LOg="}},"RJsddpF499KwrrgAnMnofubkGIGof+jxnQ5GVFSi8GU=":{"valueMac":{"type":"Buffer","data":"W0+vYSDVXjZtW1EW438avUVogcUPlk0NlW1UZK57UDU="}},"XXlF0L4UJtWBAU734G0ZMNo9WQBd3CK1VwVCD6rl4W4=":{"valueMac":{"type":"Buffer","data":"uRQd8/EbYfFiwELz92R6YHunxnRmqohReIooQzewknQ="}},"ATFRDtlNHv4eyi459YnpkMVTtOX37MV4xTwDiqr1ZaM=":{"valueMac":{"type":"Buffer","data":"rODzOQr4xgnsCnE2Yi81UoR9gw7dQsIk5ISUh/E0W24="}},"JwVhTlSymyDaZ72kLBIjLXYaZrZ/JJuVyJYUFXMXALo=":{"valueMac":{"type":"Buffer","data":"w+XkQ2K6NJPmpHjux8M/2RofwcdkeXMdBZC1kRLGpLM="}},"GwmdG2YGDoATim9Pq2JADK+rZ5Iv9ZTfh2lrU3WMvhU=":{"valueMac":{"type":"Buffer","data":"1h1FCrqOSpxM9xKogpu3VstJzg17WvTo/hX5W68dTwI="}},"HGSwZ/b16FukF+deguBiH1vGej6MaxG3xw92Z0Rmt0w=":{"valueMac":{"type":"Buffer","data":"4G8Lptss+oCxU2z7Xwh0fNB6zLoyUAeQDmT3kBKnoGk="}},"TFkM/kexszPoXi+VjJXHWJYqxb5sAKHskb9dgIAcoKw=":{"valueMac":{"type":"Buffer","data":"YiHJWWdwwRzvepA3m7DwRbKnQVTik6f90HTSdauUXYk="}},"u4Xdwz2kS63LYsaflyK6NcWQMI1PJWCs1puBL5stY8s=":{"valueMac":{"type":"Buffer","data":"LnXOX8u0hrMdegj3wt4dkuFQnVLTerc/NZSwIs97ig4="}},"AHtUJwBnCu5JZb58Im6fzJ9FwcrHdbxbR8d3Db908ow=":{"valueMac":{"type":"Buffer","data":"byqnlF/S59kWJU3lrTPrkBL9M9O1p95yE/k/RFd16Hc="}},"8Lm0uGUzMpJFTWl9dYWcXA5+LfJuoJICAkK/PAgbUOM=":{"valueMac":{"type":"Buffer","data":"dJaG6cD4MizKBIWyjAshfn26AtGKxbYc2VBEM5nH61Q="}},"Zj1bx8PEKhzC6g/pTd40gDtCtDL+e/L8ayeZ2maf5MQ=":{"valueMac":{"type":"Buffer","data":"RvLdnGrn1CSQBzQ3sMm6ol6VykkfXV1nZn2NuRng0/s="}},"9cUUR24FxG5ixffLiX9cBIvJwJIHARcge9xO4wlQSSs=":{"valueMac":{"type":"Buffer","data":"ye7sPXFx4MRguagRwhxtYFQK34cYCb0bZtT6A1lYjt8="}},"9vaejN4dWTA+lPEUkggWje+UXautZkD2lt92IVrT6sY=":{"valueMac":{"type":"Buffer","data":"9JWYgq23NGseta/jW8N+I9d6eR2KnOLGErcs529cLF0="}},"cXXQGLSVrF8PiznychFSPTYTSPDGmfk7O9d2GnBJR9U=":{"valueMac":{"type":"Buffer","data":"JSvt2pIP9RZmfcCvd4MN8YO8+Qtor6/LrbRqpu8oI6s="}},"3DngKnAEyYfzXy8UUP8/kHv9FTARk/Tb76V7CUvtowY=":{"valueMac":{"type":"Buffer","data":"7vyHpNq6c1mA3aN/VQWbfCk139dqvjspYeKXTjlbkrA="}},"Q6BFpfEqxhKvnoqWqFAFuHvRU5zvceHXJr1zxl4+CXY=":{"valueMac":{"type":"Buffer","data":"dI0PWnYVkAvvNbFy7HkQ1kTHR5E4LkjxaxHIb4mOD9s="}},"YiOtEm2jB5MmOHm32lCOdCAQ1eYTcdvbjx3lfwaAqQ8=":{"valueMac":{"type":"Buffer","data":"wFTG/Sa9GWls5kalqArsjB9HcIEjN2zXkjJ37H2MCnU="}},"gawCiH3A9G+B5Fz/wQS1THP03SoQso2BQjvvSzS/xws=":{"valueMac":{"type":"Buffer","data":"O9j3Jnb0mXnkNT8VjmEFX1CtaCmBOJm4/by5+3Hrod0="}},"ldhZB3XsspvZcRF3mIiJddPIap56gS2LjynZiKTQ3n0=":{"valueMac":{"type":"Buffer","data":"RhtZ376/FgnQYLqyR5PrQqmDy7cfv0tfp0VUF/0eQCY="}},"+j1JftyPxcjXuVyyuxVKNupJEu7FBvT4oqBnD78KjNs=":{"valueMac":{"type":"Buffer","data":"WPaFGaoAQTZbivYmZq2Qd4GYc8e4Z1FeyihupaBoPtg="}},"XvgG1ml1f15F1yy+owyIauQFhRsA3roVjRY6yxaENvQ=":{"valueMac":{"type":"Buffer","data":"TMugzUs0TLwk4KkvlZTcHVjBs6TiUtC6b4MIhd6e968="}},"PwaLiFWm9WZ/fn1ZqNbo8HQ2K1aqdNDgRkAai7TueYE=":{"valueMac":{"type":"Buffer","data":"3di+EcCcYnxzGTThrgKVvbR/gRFzA2YDpTfC7ZxJrGc="}},"lBK5eEgkEUTM3bNa8Q1ixNwiGp1bW/KRYDxIH9+WgNs=":{"valueMac":{"type":"Buffer","data":"SUIZ167MyYcv2gVeoHsFISWZd8aWvJe6N7gmiZkycf4="}},"SwrgjS4NGnRkK/HGmE0GXU+Y4t6tQfyQkern4grw07c=":{"valueMac":{"type":"Buffer","data":"PNp97/GWWs1rDhb16yCzwhacZOj9kJRvRTyTyHq84jE="}},"SrC4xY02Nj2LGD3F+b/5XaOt/kGT/J0Gl4nM11ZpYpk=":{"valueMac":{"type":"Buffer","data":"sesdY2QRB+OlMrST2r9G1Gkw9DlgIP5bqE0imbaVt10="}},"Kch1WPryNDzlgpb55BY6eMBgqy6c8VF1sgBHhC8Qr74=":{"valueMac":{"type":"Buffer","data":"fDsXZYGqJdOLdWyqCLyyG4R1ItbxHT7ZJL1RyZbd2uw="}},"9cpA3G6DhEOLIP6MUmb6EYQDKYfXNF5AiQahRF22C9I=":{"valueMac":{"type":"Buffer","data":"39ovp6NOWHECgWxWzdShWdAgh0s1XZICVKoSmQKZnME="}},"+SJAN644l63zI4hGg+SkmOaGC5XgMWOpL7/EiwbhVvA=":{"valueMac":{"type":"Buffer","data":"2m2VUoYJHlWkVlVClb8biQ5nDc9CqJGoheyCf8HN0Ac="}},"Gu655t1MglXRaUWkgZrc4uYTzpDFtiKeU/3jjuu/VFc=":{"valueMac":{"type":"Buffer","data":"uKS5AA1Hf6eCnujQJLmm1NGcFQmZdbXp916CSGIjsAE="}},"yw+UZKSEeZlRypLd0dT/bH0LMbjTBZydhsxRmjBqenY=":{"valueMac":{"type":"Buffer","data":"8V2qtgobcj91sraPbekXu8XiPBitiQWR+TAxG9+k978="}},"dIeBo6EqhiHlb/3xLR4evAPL4SHg5ZPqVAGMpHlCSc8=":{"valueMac":{"type":"Buffer","data":"ittv0A7YOSlmjfhBoAIi05Gn/nx+Dx4mNmV+cpttwes="}},"F4EiLuXeROskSKR1QHqbwM4yBzZrDoyCEeOVoazA6gs=":{"valueMac":{"type":"Buffer","data":"X7/Ml6H1LbfXosMJcyuLDrFiBRWqoSymQvczz5Mt/nM="}},"CZnGv7nwp58gF3nIBff/6kFrotZo8ulE9x1SMFArQH4=":{"valueMac":{"type":"Buffer","data":"4vMImEJD5h1yI0P63clb0c7P42rZkx5/XoY0pYoBGD0="}},"iRbK1pK/w3X0VtXZy6GWEk6sqIF+0iERSQeHS6mE42k=":{"valueMac":{"type":"Buffer","data":"BMi8u+zdRivxP/QG1JZRyLw9JGzBSsgajVucY8IYG1U="}},"g05EbR0iwrtHJf8VEqN67W4+ONGM1MrS4o33Ls5DYbM=":{"valueMac":{"type":"Buffer","data":"uEtkt/nwpi6kW0Ojdc0eoJAcfmZHpROPozj1FqTvoRs="}},"v5TFMT9SbhdEzy/vgYuR/cO7kwyQ8r0MnjEZ2g1ojeU=":{"valueMac":{"type":"Buffer","data":"YAPpPVeXltxlrE66Qbd7BTg4riTGMUIoF8V9xhV74i8="}},"EuveFQIvyxTcEs/A/8FSueR42chR2+/LCVMGqmA4ExM=":{"valueMac":{"type":"Buffer","data":"hbw8TmVE+6ZvO87wNwHvcoym5S2bh+Nz8P4kUIHgv8c="}},"n9ZLpZTkHe8ocXovPoThrhjbao1ClV7AU+r63rRdF2Y=":{"valueMac":{"type":"Buffer","data":"O2HBXZctfREew97dMonFToOduuR4klPZ3WROCDhdvZo="}},"5WV5vQcVaeXnUYbRu1SiGdryn+DUnsxESEvD5Yzokb0=":{"valueMac":{"type":"Buffer","data":"TAzTbxjQxlk5xKFYPXHrS9WQELk1y4Ws2ZL5DciCT7I="}},"mS9cG9iPopT+U0/mcVB+9zFitWiDHsftCDYOPR/qOBo=":{"valueMac":{"type":"Buffer","data":"6JxXAqq9TtIgpRrxiNDHedPcDsWTtbcKIQ+OV7dujho="}},"FAfdkgVr4wJ1kBt3qmTdH4EZTyortNHAZeA0sSlX4A4=":{"valueMac":{"type":"Buffer","data":"F3N45Plh8epaiFSyXwtvyuW6sJyZi/wPF6ioJEoUZRM="}},"hpkkan/QR0zmPa5ahF+tppxhTVN2dlMm0KjJepQLt4U=":{"valueMac":{"type":"Buffer","data":"NHhrg0SkViwYDWDXIJ9yHCxN86U2KQFwZ7YN8sOXT0w="}},"FbyrBq4PkB2nDkF8gAFx2R9IJkzo/O94a/9c0JTd5S8=":{"valueMac":{"type":"Buffer","data":"bMnqr5RBcxeCwmFVNxSJuNjikbeJ5Ia4YoqEllsYYRs="}},"dzuoO9G2n+5Coa6LwKJajdhiJOlPdN+w1q7yDb8U2IQ=":{"valueMac":{"type":"Buffer","data":"Whf1rmw4WxFP1MO8A/cXuyoXcPpVfoANQAQl+/kIZM4="}},"tmHErFgOfpVfJX4wr9FOB8wz1c3AKbZo5Qxy8YYR938=":{"valueMac":{"type":"Buffer","data":"DQ+JM9I4qkXxzDlnRASLLIkdPjsxJff+PIxH+ZSeHYI="}},"kk7gKE1iL3VHyFRvGZP01aoEn3lWZm8zWGt4DpHwhPk=":{"valueMac":{"type":"Buffer","data":"vm9G4iKGOiLKoeWb/lsPxV23blJRkj/h3giBB1lgp+w="}},"fi4keK9PV+9zrQWCrj/7NGsHUwJJE7KAoY1H5MgtVHY=":{"valueMac":{"type":"Buffer","data":"Jp7hrU7mFI2Eje4W2v3hRSIDymvBANgj8Q0bUMtHW6Y="}},"DSzWuu9+KoxW2WJKHD3t6MlSp8etPHGYq0oT3Awt7B4=":{"valueMac":{"type":"Buffer","data":"qO+evGOnSkNLoovuGru9LlfDtlUmsvVkflKnz7j9v5U="}},"3aciLj6JqeJnBz5MX25c4b4qDZ1NM5IhQc4TdHV51bE=":{"valueMac":{"type":"Buffer","data":"P3T0S5HoS5J3vpoW0JQIhVVjBPcXjvSH4Nap6F8K4t0="}},"HtIY2XE1nXqiePxeUoV8TZo/n07I6fPn0DYO+XNlfbk=":{"valueMac":{"type":"Buffer","data":"1KzFg493X5EuaPhAHIhqV/o+ZCB4X2Y/u8Gn0wJtokE="}},"plOqnQY29ab8OSM+wxZR3gy/fCoPCsmfkk7H2m/9CxU=":{"valueMac":{"type":"Buffer","data":"FfxK1rOg+pQG9wCWLK+xV7gms6w3iXHSCF7iA1TFHK4="}},"Nc8yQ6vo+Et1ky8s4KVEPkBo0tCpNC+CwyftHU9n8w0=":{"valueMac":{"type":"Buffer","data":"ppkSXfs0aiNP7IIO9FGnJZ69MIy6WqhFykFLbJWirmI="}},"zSLIVQzdip6L3xNjH0FCOWHMQA2w5tEcNKwiikSEpq8=":{"valueMac":{"type":"Buffer","data":"ruCGkJi/MJRnWZ/WU9BmTtdFMG7bB3mkdEjLt2pizpg="}},"tOIVCn+7ro5dA6nG+5n5QfR6xkZ9CCnYywznEbmuQ6E=":{"valueMac":{"type":"Buffer","data":"Nvn6wXJ4w6q2v17VJRJ4zCou5/sMLVFOJRROQ1nIOwk="}},"fvGG5XEL/SjOTqx5gS8xxL68Dd52ioMksDP7/+2dmNo=":{"valueMac":{"type":"Buffer","data":"SwOpxHyKEcy5N35D414PGRgb3MdA43qF9Zuu04f47Bg="}},"l+NBuanpQOknaPopaVw2B4AdROPDi+t1d/PNwFd3WfA=":{"valueMac":{"type":"Buffer","data":"TCI1yplV9UykRBTXMaSioEAEEwMVwfoJgzz6wmEHq1Q="}},"mzOgTb5rto2vsDBAzBh4j2mmxAszPIPK8CIhZ5ouMTU=":{"valueMac":{"type":"Buffer","data":"4aJRvWrbVJRfNNtL6SavtiPSK0iusXIkMmlZ6wwacJ4="}},"qGeJl21ONzWHZa02uwLalVUHtWZ80DTzWUefT1rfMuc=":{"valueMac":{"type":"Buffer","data":"rFCL2K7SXnZ8TlJgPuBekBSsg0wl5p01HjBib3URRXM="}},"ZxucIQ3h++0E22nXJ3ghb0/mAOw5cPZcPCjK3sJiz8Y=":{"valueMac":{"type":"Buffer","data":"gIiVk7MyZXIIqyJi03KRmkNQuezD2jgPz98dhIMNg6o="}},"5F0TnHRJm6b2YYxZw7V3lX8uCS3kiflJZyNX9JYZ9Ec=":{"valueMac":{"type":"Buffer","data":"PzsZL/H3yqwecZWqe2vW0r7s7LUa7Iqo3KMOFIUfAvE="}},"B6mFvvz64LcSE6ftS6/My0zrjEFwpjH4iLvwHGwmjks=":{"valueMac":{"type":"Buffer","data":"/I2ROGrgGIvKt63vMtPoEuyFmbSlyF8ynUDJgvOMtIw="}},"PUjesb6K2t4hvOkr2zose1/yNbktQt9UQF2886sEdHg=":{"valueMac":{"type":"Buffer","data":"XwebM9GehgvbwdODjLjUpbzUa4kNvCdvVja5rvqpVV4="}},"k1vr19I5zt4WWsxrzrctUTjA0xsmOEdScR0KALzTf+4=":{"valueMac":{"type":"Buffer","data":"ncLHRK7hW8pqU6pwAokiTzI3jb3puZ5TKRxbdnA1EhE="}},"Q2V0kMolSRV4djuWdQuiGqrGxiCqO2gHR776Sl7H6ks=":{"valueMac":{"type":"Buffer","data":"6S3Knz46N7Qd+TtAzQck/i1jjULeNzvmy+Dtg16GyiU="}},"AYgCXErMi5VnF41cp/E84soWg0h37Tay2KImyXbLeRQ=":{"valueMac":{"type":"Buffer","data":"PwND7koWKB/i3b142YhccSOBlEllm/KmMa0LfiLzdk4="}},"pbievPpKz83V1BSlJ5yBYVHDE4Uzg4ueG1s1wX4KwDA=":{"valueMac":{"type":"Buffer","data":"pnrzxeiCtVQ1JE3KVQxO3EMClNXlRl2BymRXQP3yrBg="}},"E2FknNvaRO2j3vR0bcihN2vDZZ1f0xFdK4EY+9Z2Oag=":{"valueMac":{"type":"Buffer","data":"dM35fg1JQNaVbyW/mkZVte+U/H4Dcwsy4jGB5oqMif0="}},"08UJkbdZ/RaCDN9JjDxIfNeYPvCsMofEVk3MkFzEibM=":{"valueMac":{"type":"Buffer","data":"uBmnzcjKoSa7ANyUzO5+xB8V6PlGV7xYYm1//Wy8Cnc="}},"nRQ0T9w+Y6jo93gOzEQCO+ikMWK6A72RFYV/KzI2Cm8=":{"valueMac":{"type":"Buffer","data":"DL35zIZacF8Ndac74A0cLWw1S3sLnAgwwDvkFoeJG6g="}},"rGq+fThZiqq1sDAsAevmE1f5tPEgaGGAXmOYtxTD4CI=":{"valueMac":{"type":"Buffer","data":"ddul1K31u1YAOId/Y0ArRMQMTt74C6LJDJWecF2afW0="}},"0Vz8cCT0i3yvSoyvSiKdOfZI40zapAWY+fBf31H8RbM=":{"valueMac":{"type":"Buffer","data":"iGlE7ep7QyloIodmCnpCf9TPXWORN2lnab9b9IRbS50="}},"jKt6kAXHuN8lZ0o2F58gQ1Q6DiiRdgYvXWE3d1VlfJc=":{"valueMac":{"type":"Buffer","data":"RnZYxddZZZi5F3znMzSa/2RxJK12xyjwa51BImonLU8="}},"xkOtiefJu3uweATZNUiCOlDVlFh72YoaPhNoeqkUsV8=":{"valueMac":{"type":"Buffer","data":"Lr+9erW9Lf0D7LShK5VeJr2GQ43oatWjyrB0Lx3NTU0="}},"yR+FL69HgPTgTzKGaMhN+m1aciUS+TR5wBt3Gn7u0oY=":{"valueMac":{"type":"Buffer","data":"iURRF8xfX4gsBWEWxx0WdBTUvxIDN+80rz+7miyoFfU="}},"gZbnWEXHot2SDfT74umEMsT+K5PnwSgcnFpjruIPXSo=":{"valueMac":{"type":"Buffer","data":"Xe3HhyctY7GNe288KwtQXmDDvw1cVJPBBtUAeir8hAs="}},"hduZzbSF3nI/ET9fonH/7Qpga8dzK2uWLxPJrdqAgfM=":{"valueMac":{"type":"Buffer","data":"vUPnk9vjZq1HAMZYZaV3of5k9zTB7hkX2rar7j4fly0="}},"86bglXafKDolrlHMsPgIjnkaZ76rInu3WlhqvGGux0U=":{"valueMac":{"type":"Buffer","data":"Uq0U0e/bObdBocbSZk7GoIESCP5V/7al3qWLcwlqUkA="}},"ivShIdWB9GZHQKIEqudZqG6fPF6BFxER6BzXSEbPMCM=":{"valueMac":{"type":"Buffer","data":"AXX79RJvYChi9Xjn0yiqZ9Hg3aWZkpzGSwj510AMPRk="}},"aj8LQtmuhDJziUSQ5fDXAD7Xy/kW56X081F3uaNw7XU=":{"valueMac":{"type":"Buffer","data":"/xqjQWYAXdF3u1+U2L2WU8JNIPMbM73BqbpAQ+b/qvs="}},"TEtB8vAqpPVarPMBadNrQ/YEIEA8zWyFeBa5Gu/aqzo=":{"valueMac":{"type":"Buffer","data":"9X2Z2NRConP/3zrC32G04Gw5CB+FFzoGTeoe4K+S7r4="}},"8Wx1fJmnU7WR/5zLd+ru1itoO3XZ89sV+TVbkdFz6BQ=":{"valueMac":{"type":"Buffer","data":"tM1jmC2TW3Esm/ZENOpADtSe13WJ3qZWmQuRx/gWxV4="}},"Gp4G5N3Tljb/6iEX2m/1Q/7A7q5PjAEko0Zzhkpdung=":{"valueMac":{"type":"Buffer","data":"eatm34q+i+JfWlZD9wZ2GQGSOpHVcXOnXovwsliuVAU="}},"4GG2Hi/wb81f3Gils9G7tzy1gvKsviuRSt5W+1REIYk=":{"valueMac":{"type":"Buffer","data":"cTrHe7ctPgeFp1kUGL0axcVpQghkul8rSGUTVw8pRcQ="}},"09UT7/XY+eKniJgz/hjyVI92dVSAAKyvwy9ldPnMyHU=":{"valueMac":{"type":"Buffer","data":"TkujisV4wKpt2vk0cqM3zobS5dZ88auZOYE8HKG4xrw="}},"y7j7veqMzwVmyYzYC/CMMWdwKMyrOEvnDEc+AuLsGKs=":{"valueMac":{"type":"Buffer","data":"kerwu1uDM65kJoJ/fjPr3GxmexoaaUtMVWjhPCcR/fw="}},"ovilKO789x/clUJp0f2uXmdXISpeQnoULNIozFOOjvo=":{"valueMac":{"type":"Buffer","data":"NzIm/JRwtjarSwGWCfSqtEHkxg4WLNBq5iYqVbeS4Kc="}},"6hNnpReFpVmcmoSEPBoFti4UEmnDVbB6MlbBgN+JA1g=":{"valueMac":{"type":"Buffer","data":"bxFmiFR1BsoEU3Xak2rsev8uM1tXqDwVWYMGFP4b7j4="}},"1qSmS5xOgBY24j07NqQ1QKSC4J0A6pGYSlTtFAcOoiA=":{"valueMac":{"type":"Buffer","data":"Rh3SPPxsYg7K4gpPuAwQDrXenuBbPdGBwogVVhGeWoA="}},"28ecZ+1UL86V3o1kemX+0HyUBDyy+vFTjXbmn260ByI=":{"valueMac":{"type":"Buffer","data":"zexkt1tQQNC/le5nMka204FcFbSA25c0J1qFskxHF8M="}},"d1Xy4qYa4WxE+JdTaH6vqhI9u6qzo5AC8/oZc6D+n1w=":{"valueMac":{"type":"Buffer","data":"hAEu47AopjvXjp4AkU1I6lzBA0pFczfHR32it+3x/MQ="}},"oUG/vdcuqDICwafhiDXq7eNayA3miJp2yIX1RZ9wJyw=":{"valueMac":{"type":"Buffer","data":"Jl1fWHPzRBqb1eEamRwSOJ63DgIOcLu1vM0Y4L3Me5s="}},"dZ11+SDXhh3i+XsTsVZ2bkM2TsYIfr0AA0JXEDiNjdE=":{"valueMac":{"type":"Buffer","data":"p9BFI5NkYCU2ZrIdTNy+xRimJNHyKBsvffp9CXbWhPQ="}},"gaDnpu+ZHlCzto9dKG+kjRpUI9xV4smFTCjMizbR+Pk=":{"valueMac":{"type":"Buffer","data":"piSrl1lBsj3DiIv7qUE9XD1LdeK+l764Z9+brRvUej8="}},"b5FkED0IikStbYvWZW85kTJRKrTvBPNMXRvQiswwmwA=":{"valueMac":{"type":"Buffer","data":"JOg3/T21J8174trreAv7ai59xNGa+TwRS3NboPDBU9U="}},"9MTjZwElph026iH4R+bGY6LLGfAtGtAFYHKah0W0DC8=":{"valueMac":{"type":"Buffer","data":"ltouQT3L83HaI5HyfK+QZglUrErOKuwO0BJ4ez+KWKg="}},"sKUP6lF8RzusW4+KGdSMwLr/cvylzKmzgrmHvJbI8jQ=":{"valueMac":{"type":"Buffer","data":"QGq1KpDBsww6JlPwGVSIlF0jWbfQKie6oyWyJoZYgKI="}},"a9mB/zuWOq4a4BLq1w8yItnmElik5Klgxy7AjAi034A=":{"valueMac":{"type":"Buffer","data":"itytWCD+LQ7DD9pfeSqzfgplOCxFKToShQXhjKPCC1w="}},"9H5yjeXZ8luAyFkjA5ANGcLuiSmgnzCX8wehB6OySSs=":{"valueMac":{"type":"Buffer","data":"B1lXpGZLNOWgcXrG+zF6pdx3aEi88YMYc1Cv+Vtgqcw="}},"ZcovmAoTCYDgQVJUrYQXncmCJvSBYE5AeDQg3Ap/MsM=":{"valueMac":{"type":"Buffer","data":"XVVBwJrvz6gnymqys2K2mDeMk4unUy9matcJmeqZR2Y="}},"ewNI661m5hxBosyaXCkxTa9dVOq47pie9/lvH+ilLaM=":{"valueMac":{"type":"Buffer","data":"6V5v9Tf0g1t7gXN+kscyAvdF0NFkIhCijFqWkH9VcNI="}},"zwxIP2XCacMRue9WG8DSutwsqVK4KMzbRzXNPxMAIeo=":{"valueMac":{"type":"Buffer","data":"V1O0j2cuuuOdNq+Gu2SFkz3KmMJY/ijdJZlBNkGbz9I="}},"gGrKdWefCr50O6gnr6Zie8KK8t7/mQRFj/4XItBYpRU=":{"valueMac":{"type":"Buffer","data":"Bfxj0e0zAbe/1s1f9aFuZKZDOE9ePf96mz+Oy/oESHY="}},"jvJmqsF7nKMnb0KGCBlYfhSaVKu1z19jcDxrgbAlXm4=":{"valueMac":{"type":"Buffer","data":"5csw16VPqs7xwdDCEkx4He0W00rfFZSiFFAAOaa/Drk="}},"qFrn53EyEZHfgYeYtHVhJqo952XQq96U3xf95m7Z2Ng=":{"valueMac":{"type":"Buffer","data":"F1mnuXSBZFiq/ThATYiPAd2ekMfBBA6cgV16H71JCP8="}},"rqa+G0GTS5W/ZaeH9dDxAQgRHF4BMZXbmDoTaScUuy4=":{"valueMac":{"type":"Buffer","data":"m3VHdN4yY0PN9/N+Ctujo1K6/fChZyVuhfE31FGBepQ="}},"+DH69vsdYJMepyfDfX92NbasqvqvIYd7iNPoQGza3n4=":{"valueMac":{"type":"Buffer","data":"QK2MMx/u4VUcWLCb+uKYBXCXQZoJeLyKhHdVG+o/TiU="}},"J1Vk+ArSF3cLyzlwc8TC/dvMV0D53CJm7nMAtJQn8fk=":{"valueMac":{"type":"Buffer","data":"KWtrlu2SnYJosrZJDhYv7kxmpwzHPbp2ZZPkNu6sHfg="}},"FL2Iacjjl7TFPX8syWCtwVY70293AUv2a8MFdgln/34=":{"valueMac":{"type":"Buffer","data":"V3FlGQiTXHxiRonEFN9nsYxUk5eHVXlAYlsFMAFvQzo="}},"fy3ROhXBVv+BAXm6PLxG69nPLf8geRBaAKjn6be4T2M=":{"valueMac":{"type":"Buffer","data":"dGz3XBokXnKmRlRcgGzxVPVF8Da675MwZ5ciGKCHEOU="}},"goxoNNnw8fV0Oe9hRh8H+Q8rjy2afepPkR/uzystcNE=":{"valueMac":{"type":"Buffer","data":"hyVoaIctw7O1OLm+DIoSD3lKpMHFr7frv2hrIgimM+U="}},"4tl+1u1vxIGfCKRU8mbfVvwl4OEVsi7tNtjocHrSW5s=":{"valueMac":{"type":"Buffer","data":"zI7L6/1fR628yjTykocPuOokRmwq3j5aMyeq4R0qYLk="}},"a6bfjy0t6mQb19wPhWoPMULeftvnQ9SfSHLx/XxMtRw=":{"valueMac":{"type":"Buffer","data":"6abxzEn4XlYkjrLor53+yOplpp81VgjKkYce89R78hg="}},"4VV5aj4oOvU/YlQSWS1Lg2etHgJAtbaugBkAB40a0kU=":{"valueMac":{"type":"Buffer","data":"GalaPqUzn+TzNxd1Gdcb5qK7C9+4fUs/OXQhbry1Cmo="}},"QkaSdRFHEujMM723F9BZv2s6ktEf/G4IN7nPtut/mHk=":{"valueMac":{"type":"Buffer","data":"CHkGxmn1io5veDqqQJ9IUCEoTFsx4sAPqnXTEvvTtV4="}},"YK6IYr+Wc4ftJ5kMAsC5N7CNHJtLLx8mp5Gj8DOsdYk=":{"valueMac":{"type":"Buffer","data":"H0Org5n4cyC1sg1+R3+n4wu1uhlRNBKo7jz7mmVpKYw="}},"HrSJ7wqSRdpwMOZrH3bVL6JPbH5zdczaejjDXcV9VQ4=":{"valueMac":{"type":"Buffer","data":"oMwM3T12SSQN/ZIGKAcewp3oHU/3F7SVS+I3OATH7oY="}},"BpmSCcCLZbq7HCn63yi3eOExcuCL97kswUlCR6NT2yY=":{"valueMac":{"type":"Buffer","data":"jUkRgSyi+L4TbKYF0Z773t4XrvaPBc+zlZdQrrMCuzs="}},"asQhVI82QVEowlQHZA5gKrXkw04Dm6DKsv9NCSkSeHM=":{"valueMac":{"type":"Buffer","data":"HarcUBfMOB/RWMYXYqfYGOI/zMWKtpmmBhV9ojgXSIc="}},"QXNA4T8vrZvWQ+QLqfb7KLGH8xAybNyPwimYHMFdmWk=":{"valueMac":{"type":"Buffer","data":"en7iacPj6eP2seXfjEU0ciIS/aj6uxcTmuP8hN3MllU="}},"KWoX4HzJWE3poOptnmxYmV1kpGwY+taOr7WfUYjuahQ=":{"valueMac":{"type":"Buffer","data":"RFTeIfJb5YIZD8Zn/mdlyVNq1M+e8jExyHn36A4ZFxQ="}},"3WNO/XFAehv4T/zhN47limQ0Vac9NGCzrIosQSKQ5MQ=":{"valueMac":{"type":"Buffer","data":"ryeN8BcdTuo+xg9pzUVMfz1QwG7zd6Sry2KS1h2lUMQ="}},"P7vvfyMBPoo468XqpInpD4IXWqE1Bsmh7c1Eq7ea3TI=":{"valueMac":{"type":"Buffer","data":"9I0zm0lJbJRDf5puCDqdRSx9cu9N9HTbA7+vDpXbN6k="}},"/66BG6EU4FH09hJZsI880emwivQdRu+UnlC4HsPy6eA=":{"valueMac":{"type":"Buffer","data":"wpqIiM0KwoC+x3wO5TnKspfJE4ZRToE4ob7s9KaOaGk="}},"Z32BYb/trzXqpZ6dJg6GR9maRNINsiS84/G1Yve499A=":{"valueMac":{"type":"Buffer","data":"iIwpKqwiMN8AOUtu+rA7Pw/mKxYPbY0xGXJk10QHBqw="}},"3rzEzXlr93vF896WVq1JnQT7z40yN6Lg5s75d00h2LU=":{"valueMac":{"type":"Buffer","data":"dX/IlXES8ICsqiqslobhK9lZX8yuIb239A92+WGMQdE="}},"H9i9lfiU9Ez1lUWfHt0PxO9xXIT+k5VS2Q456rdZk8g=":{"valueMac":{"type":"Buffer","data":"ieCQaxZIbJLT15n6sZjOHpfcRdlt7av55P+au1+NWH4="}},"n9jFXpR1SjafD4hovOtOJP9ogT6A2Qwck8lsOhzhkWk=":{"valueMac":{"type":"Buffer","data":"NHQ6Brc+dGd09GiiqC4QhLptnk/NaQRu3+rJ1mFVuN8="}},"//xBixrgcZB//R3I/vmYUQOJvGqS0GpZ5G+QHjDsfp0=":{"valueMac":{"type":"Buffer","data":"RHnGfAK+u7g22PHv7tDjvctEnTcGJ1gqm4WjfrjTy5Q="}},"9kO6uslo1+LXkwGd83/wd8KIfp77Q+PiPCXHO3WpOZI=":{"valueMac":{"type":"Buffer","data":"tInIMZlV7XQqavwp7O0lhRTw1IyQA8UmW95Yb9P/kug="}},"nMGvpAFoU/F8sCyWyNguqWc3fEGnbVEs1EJpgMfS0Ak=":{"valueMac":{"type":"Buffer","data":"KdlXFHTEY0/D5bCJgQUvUgv6tCV1rNrtvTMqiZQrcPw="}},"uVZ0cA9iDly4eI+VlA23YV+oRHdGURNZRDW9RZZ6GaM=":{"valueMac":{"type":"Buffer","data":"h/8189Pl2au+ohMBTkx1m3HVZ1A+mRZ/pYxEeSKUe8g="}},"rtjYfTzwZyOMJoPzkcS8cTP62beY7q55BMHN6PmG/Gk=":{"valueMac":{"type":"Buffer","data":"FV1iQuW35a+Vdt1QMLWbpk65YV99fK9IElvcPaHecfM="}},"UdonkPuJ30ZNp/IGxao6DOGJlyTGQeBLau98eLncef8=":{"valueMac":{"type":"Buffer","data":"IKi8v+VgGpXpgB1pJeWWAxYEjBCjD2cTNEcj55m+X3o="}},"Epm/+HtffSKUwLp5NZQyTBKxki2Ngnn4jyblzC67SQs=":{"valueMac":{"type":"Buffer","data":"GLCABCDN3m3GgfGbCjP6m+C6e1W6wngXstsCyXTNnKs="}},"Teyb9BoeEHLnQd4FBPfDqxxkMXi+55/b4zC6gsn9x1A=":{"valueMac":{"type":"Buffer","data":"plFjTdj6l650Qh0PYoT+XYoYdmV3A4tlW3xMqLQS3/o="}},"nkhTDQgZxKVRHVLVML6I0hIvzKz0VQN4LNCj1NoAupg=":{"valueMac":{"type":"Buffer","data":"gBMjR0RXYpLCwBiibPBpipAEf9hlM8ob89oqY/0CfNU="}},"uKZbm3XLuBPF7i9Hphijfy0gD7pzlN/e33JRoWLjuls=":{"valueMac":{"type":"Buffer","data":"jv3ifvhA73OUNjN/xFc0cfrMZQ7Bmo0MUxW+r050pKo="}},"4MzaPXaT+AovneBnq3deLs8cDykj9zFMOM0Alu9UhMc=":{"valueMac":{"type":"Buffer","data":"OyFDNS8p5wugGeRnmTP44juHyX0L2Fj+jF/Zg4pTS6Q="}},"ILw7D9YxybgQSUc37a2PSUECpO2eh2AOlDh37YH9Tyo=":{"valueMac":{"type":"Buffer","data":"6DCb/D2K0c86YtqgG+JEBWJEEJMYIQ10d04H6DSxa9Y="}},"Ogj62q3PlCmntNZhA+TPZeWao1XcdH3OEMoaITCUKt4=":{"valueMac":{"type":"Buffer","data":"xM1XDV732YwFkSIprGVem4HJNbdxNZelUYoAy7jDTe8="}},"X/G7iijWNorIy+qjB2WNkKgPoycLUjgfvEXZXEK0cyg=":{"valueMac":{"type":"Buffer","data":"QDSW//o1KC6fCfOHKL4PJfa9FDa8hyDbnbPTIJbSrE8="}},"zfKvhcxaoM3zDXhCNRR0PlUgxc0aiRPcJ6I3vayszos=":{"valueMac":{"type":"Buffer","data":"oOoBMl3N5DIbhSg6B+YdsVgsI+5jAWKElX7Xmh+WnSo="}},"eNqdxrBIKBH4IJ3Cn+opIzxSqScgdSb8/fvXnffQo3Q=":{"valueMac":{"type":"Buffer","data":"EaijFc5K0fUNCkYdhbBAB0semU3/PTK2ITOmDL/0IIM="}},"KoQI23t0lKkiy4pd/QAiawrDhNFr+c41rj/f0yoioRk=":{"valueMac":{"type":"Buffer","data":"JMcDoRznvQ0c3CocGVOq8SAGE5gdm8+EPRZNCwGer/M="}},"2zUJnAP/z8JlUjyDoxagJRCCifm7/TxiKSsNeWzkIVc=":{"valueMac":{"type":"Buffer","data":"1kSE3xqO7hbJZrcrBjOiQstEvqXseQad8FJE00pQ1yA="}},"q5qoHXDc7LkAldhZ0j9PoDXy/utYYL7fcry9HtQo46E=":{"valueMac":{"type":"Buffer","data":"k/sAcGqbcDtIe0g47fFWq34wA6ZO+gGiwQRfs9DHI74="}},"+EHurZJB4qU33Di682I/jglWDUDR32p76tHABWqhD6w=":{"valueMac":{"type":"Buffer","data":"47u0pIdj4iwKoUC72N0K5IgZ0nd2MCSfCXNU2q1EWfw="}},"mxHWo/NECoEzIX8s5a47ZNAIkaQVHBs/88k6SlsAOWU=":{"valueMac":{"type":"Buffer","data":"hsVQS5y9V8A8x5bpUTcml/+FYRHAyWrW3DsmBAN1C4k="}},"cgXIfXIZqXwQLkYF+xMqGiuLqMPMop4p6JJvcLQNzfU=":{"valueMac":{"type":"Buffer","data":"eiU/1gmU7p+NxNnt75xuR048RRJEPca2xI6gPJ5x2WI="}},"xRYbNucgiv1qklAo+IWqwJqPWN5bMPE271dNJvQsaq0=":{"valueMac":{"type":"Buffer","data":"mTHDYIQCprYxUxhxAElA3Okg1B8uMOv/XSvJfaH/jtc="}},"sijOx4Vv+abb4+Ey/Dd1wAJvLlnu3zNd6TZZr0JrPeg=":{"valueMac":{"type":"Buffer","data":"zSjJpfpW6mBTrOwzeNvIT2YCQLfcpIcOb7FQzykdBaA="}},"55twXcI/bpphHTCRB9LAOSjomJZbtjFKg7YnbGbDjcg=":{"valueMac":{"type":"Buffer","data":"NZEvvLL2cVk+6NsmSALQtfKnq9gCXagZNLj+/0ewlNw="}},"tOus8molfYh+66lusDgE2JtnvFhYntw/i7PGCFDJ/J0=":{"valueMac":{"type":"Buffer","data":"zY6KW+3MIdSLgvJVeJuznaXQ+DBPvTLDQHPncAHPKuQ="}},"xDfcR+nQQXmFlvPeiumG6oOQ71q9HKnsKTvY8cbDJjo=":{"valueMac":{"type":"Buffer","data":"CN2bU5gMl6qrctfre2+jAsCNm22+oUQP9QJJG2XXRso="}},"73ZQSlY4hNk7im5fkxt+5ky1SUGRNRHNCiVuCwaXbdk=":{"valueMac":{"type":"Buffer","data":"l3L6rBhWQ9baNhiAp5RlThup0qz9ObS5IUdgTGv2D5s="}},"Y9EZJ+EN2pq+b8eHCzqEHsXjFfCUK2YFmdXBTkieOpw=":{"valueMac":{"type":"Buffer","data":"4KApZZEe692XoY1cJcy4iX0A+vgCLlgNBqq1dyOY6Kk="}},"lybkNqaLJFGsNIwGbppxMMOFaqh1xRc73X9CKFWVnKc=":{"valueMac":{"type":"Buffer","data":"RFicMcWZht2isbEvixyeBBrf/0rVFJdBMNpejZE9BLI="}},"UTZ975AOJWni4J/57KNNCvQUvcWVaIlf81afc/oCxxk=":{"valueMac":{"type":"Buffer","data":"FNXDS2cWZTkho1Luj9iUrj6QX6/x2KcupZAeK56W2vA="}},"OYzNKDKIqWC8gGH7C7ww/ZmZIaRBZ/O5Z7KsDTsBJu8=":{"valueMac":{"type":"Buffer","data":"1j3jhBw2LMM+DAQWZUCkAh58CnGclnqvfzFyl+ODvSI="}},"d30j13fbZn8ilmNwcZiDG3Fd5F8qCOzvv5EUZte9GNA=":{"valueMac":{"type":"Buffer","data":"YdcRzuZU2SYHruHKXQxy6Kyhf5lAGBEdKOl5bde9BbQ="}},"QnJEDUQS/7TxKB5pPQdppT7J/InysrqMJ6oORhsJQLE=":{"valueMac":{"type":"Buffer","data":"/EGbRFM5JTAu3ivkAcGhXhKAi1P6LBXP1bQSWCVpPT8="}},"Jh0l5ob7TqX/ZcwY8fzg63YVtGx1N1ySH455OCjt/ZQ=":{"valueMac":{"type":"Buffer","data":"lsAthZjhBqPNZXwBFc3q5DI3kCHjPggFFwK9lsrdvhY="}},"ohHGSxXSYrTenQuc9dn9NNngtAMKRnMdrZqlsqHCIeo=":{"valueMac":{"type":"Buffer","data":"VOksKbdSW7IFnoe1Ei1d+Jsv1yIQMfvBjGJDiUQLuRY="}},"DUidgroEfF5fqOTBrgL52PszLXgR/oEA3Y3417cuVXk=":{"valueMac":{"type":"Buffer","data":"RtUp1mlleCynXN+bivsT3zALEhv9lFNMewSAsaIj9x0="}},"3FkiYfBxJ23YtNb2F8gyaRxBQGQ4JNfESA5RV/iXMNI=":{"valueMac":{"type":"Buffer","data":"v5trhZnTdJNP1Z1FNSCAWlJYUXOuYYdmKAHpTxbNc1M="}},"iYcaMKN9AbixnEJ9VbvDqztnRT8TEDimVBSBpEqAdcA=":{"valueMac":{"type":"Buffer","data":"5zS/oSD8n1uCdjgqk98cJClsgdXbgLZhMMsS+/6MTLQ="}},"ce6o4EiARX9mxE0Uk/7PV8k7x47Ky8smeEbx21BKj3A=":{"valueMac":{"type":"Buffer","data":"Ataoe5ImXViuK6gnsRHvJL3nZ4F4BhOBEO2NY36Dw/w="}},"/+yY8k+0Ic9QRqLQ3IO2uCub+wyYd3ZGcbgGNnPMzTw=":{"valueMac":{"type":"Buffer","data":"BDlTiVobdjSbHVX8FhOXc0Sgbq12PL2iaNd35oG+2KY="}},"a5kgHRbVTxoAGBVG9b34SAL0+yltqdzlnP1zYjd+J6Q=":{"valueMac":{"type":"Buffer","data":"QLyjlPSlZnp02rl/2/r48Jm/5cG7TWVmznvDE2dtbSk="}},"eL2vAUaz7xbBg1DMV+EQNEUfiIVQhlK1hHSNRRnDdSg=":{"valueMac":{"type":"Buffer","data":"52mpozTAoWG+nI07aX07etmsImFJlfA48e8/hafbzfs="}},"em4GIrbbwQvl4eSrDJ40HgJU/XcGNIdoP1bq76iExoE=":{"valueMac":{"type":"Buffer","data":"ijqfjzPYQWYPAS0iQPvAj4reMvmUPO0Q0/2PdP6LckU="}},"sOicvCcomkGoce8bnk+UrOku53t9qvB8PK/nDn4hokY=":{"valueMac":{"type":"Buffer","data":"hMJweGdi+WFowDFbZv5D0ayFqpEGx00TM/p+Ebo2exA="}},"0jbWkRXxYFCQkLA5hcE2yAj+LNcJ9hlUrMX5DRv8r60=":{"valueMac":{"type":"Buffer","data":"nYP1h6KxRwhamJyrMr5BcTpgVuOb7/cGOGTkqnYTlrA="}},"R1Isn0f+t+EZoOXYH+S23+GMG/14f8N69fXqE97V1Vc=":{"valueMac":{"type":"Buffer","data":"HkymhLtKu3b3eYse+Euj/B7QP9nFDLWA2lbUN3OpzU0="}},"9UJ2hLa3r7FPLKCNJ77Nx+R6M2lCxuNfoVQUhtQ2wjE=":{"valueMac":{"type":"Buffer","data":"pmSxJs400seoH31DDiB2dcxRMhnFm+K3/2rgG/P93wc="}},"dArONg4ofXr1cLDFJ0d1+vFrmUGlYcxbwIAOdCwyleM=":{"valueMac":{"type":"Buffer","data":"ayAfcVi2KuGpcmf3Mb7mipBDlO6TUvhIqs+VmRNgGkU="}},"cbRTv80RAK8kAoqO0hPHOVHZyyMOIyCZB4ftCt9YLO8=":{"valueMac":{"type":"Buffer","data":"7JElKlYvyv4RDqsu1ujElwXpGcUNJ/KDXY4teIvAA3k="}},"+YSXyvLmGELHffy74GLffN8KD9+4kOHHxvQHoVn5pCE=":{"valueMac":{"type":"Buffer","data":"+wVHc/+wZXwsfEXzUzwRQdDV+fJ25/2XCHInxMIZyqU="}},"A3NXXrX+Ygx2wrNxV/QeefAHawuWcceAaIf9u/1mYvM=":{"valueMac":{"type":"Buffer","data":"kweEmnv+JCnoEe40BI0+sngNGoE5D91iNqNm2kg9puc="}},"DVZbepMC0QXd08ytC9yweqGA6LdaoYEfgRmtBO2X32o=":{"valueMac":{"type":"Buffer","data":"3gooQ2gZqPo9FcO40ZCjF99n1b//0vn8aAX7QNuLRco="}},"tJ0NOLEic5rNPmzEB0httnzpguXUqgtNSHaJmkLjQ6E=":{"valueMac":{"type":"Buffer","data":"WiCcI+Tmd6NlNSOrXsMZg0S1Rsl/IrAic4OK0pjKzHk="}},"9Z4Jbqq1VnUto8EGIuef05I8t6lHGofEIdQqmTV8+1Y=":{"valueMac":{"type":"Buffer","data":"SIQpsDFghlW9blesDix6NxCtHslq5D1lPzLodb/UOB4="}},"MguJK7QEsJ0YYN29DPbiwWKKdMbfPKjbyLSjFJVQiUs=":{"valueMac":{"type":"Buffer","data":"bw9NPwWUBlYVWVMp5IVK2fP9OxmBGIPNWRkGShsJOd0="}},"9feIRBAUu/uqjUkylgzExRRzH3yDSzMrXWdLffrs0ec=":{"valueMac":{"type":"Buffer","data":"QEgmeS790Zy/CawTYeE1I3+7AXfhF74p/I+dcqzD3Nc="}},"UARQXE7pn1fOAeYfnxKjgdEbulxkLGZ/idGXu0yznww=":{"valueMac":{"type":"Buffer","data":"7t1FLc11rqAQqqSpkp/M1E4g08lgBYweSk9tV1tvBj8="}},"7ilI6RQE+IWe3/DDFcx22MKy9zfXhhJrEYarPOAHgw4=":{"valueMac":{"type":"Buffer","data":"Svkj6Rk8FHvCeoD7MXb/zo1+aq8JJfnm6m9YJJ8oueg="}},"Ewp4F//dKLs2pmeiv4C9QbsAsaUlgsUjXTx7uNINLHw=":{"valueMac":{"type":"Buffer","data":"VOC0t75jh+kdUzcJosjBtPn3/28TprDEAchp92XMLRE="}},"65NhngosDEG9wTNBbwYDJRcWLNsOQmdyC7H6fWqDYfQ=":{"valueMac":{"type":"Buffer","data":"RK6AVV6v45c1J88lwONAXdheZ39QbWq1hO5oeatmM0Q="}},"hii8s+IpfvAGURx18S3m79vQpTVIHh37avgZJCsG8cQ=":{"valueMac":{"type":"Buffer","data":"PSiaxc7RqOeJ39kjQgUU//tiixSiZLlvndzlmy1mLIg="}},"f1drZKt7Cvn8ZbLrEpAYlP8qeu2qGsj+DQOL8npHFSw=":{"valueMac":{"type":"Buffer","data":"uEsVJQGXD7zlDHx5zqn5to+LQV3NKi/0vKOX7tBTUow="}},"b8jnL8lCbDNNG7HqAAVzbPkAiB8MAA3CknCY5FKtruo=":{"valueMac":{"type":"Buffer","data":"uMjZO/Ij6wBKOcLUu+Ey/x0/fN4GT4b8BLFHCm4lSV4="}},"KRgY0tPrj02Yn9/M4c2578Yd/09to6tKFD77ovYE4VY=":{"valueMac":{"type":"Buffer","data":"TKk494VWleoAPkV+LDU37A7xLAENqUc86K+koBrksLc="}},"h2ZC0WCtSehb0ez6jWqqkkj+3fTirNXqTr5xW8sOuEA=":{"valueMac":{"type":"Buffer","data":"qu7HhjoWcGmHqMEkXN9/UyiWAKGU8dEwlRCmAWuCSEY="}},"WJMn7NuxGMupz2KU62EyRlQpK8by8BvFkNQgZ1QKaUM=":{"valueMac":{"type":"Buffer","data":"uzOnYmKDbh6baStcw+BANQ8C3UKHrtkWDiv8z9di0F0="}},"zjoHcE1d2OJSEQ+jun0HI5/3Hi3JDaIVVegf01S+HeA=":{"valueMac":{"type":"Buffer","data":"k4Njh7mJdKrvtUYTtzY9HEPtPINzTPZZt2xUKWnHLQg="}},"Os/+1qJlh+3mVKVCjP9wU0umuWz/Gw54QznWaU761KQ=":{"valueMac":{"type":"Buffer","data":"r4kIL4rabBYSGyyEQQaqovVzP5pqqapj9iKVIAkR9DE="}},"RltlvZC8Z7GyNqdt7rC3xDKcm3SBGTbXBIqpRAsyC7E=":{"valueMac":{"type":"Buffer","data":"9BY5bVWvWEz72BO5EeiXcQnhbhlD12kgkXpT6v1ryt8="}},"giufue16ru7YwvJemQPtHmht0PU26MtZwW1IZCOA0yc=":{"valueMac":{"type":"Buffer","data":"EBTNlmAYew2NjPpg7hXA7ycKLR7lszRRN9QjYPuk/zw="}},"usgyPMOiGY80hu3p/1hbUa9VLHDw6Uu2Nvi5fXfq5xg=":{"valueMac":{"type":"Buffer","data":"C4nD4yz6rc6MbDOgeR2Zyg8hhX1eVH+qkVLkzGXJuqc="}},"ebkessHoC0f5wW3QoGuhTKFe2qD1wQen9a4MRQ48FAw=":{"valueMac":{"type":"Buffer","data":"C6NTJhl2ciUGQyf8kG1gy6/7+DKG2L835BoDOHDvdG0="}},"os1W1YNRJ7OPvimB1P4FRoPep6synzd3h4X2K3QIxTw=":{"valueMac":{"type":"Buffer","data":"QFQijda113HoDsMJuT8n/X36nd2e1Uvfe0ml/k95PSg="}},"k7Ag8KpBkkTF+A/DdOwsRhJOBOP7o+blL9BAQ6HyDhQ=":{"valueMac":{"type":"Buffer","data":"/rbVJreOhjxp39BVwNtz4PFn4T6Tviifj9hxZNGEBAI="}},"vNqSpnn/AUGXfC+trkrb39Pboso+86an6k9ZF6pnW+4=":{"valueMac":{"type":"Buffer","data":"CeMuMXsg3LzofKZjZOYu5wmlNGy/O5xVEpjoi6aHSiM="}},"mHq/yWS+C9esJbZkMQkM+TYEzUc0oooR1q4+kXz9y0c=":{"valueMac":{"type":"Buffer","data":"FtYq9ZHFc7zBbLG+88RnsSBItF028k6sG80nx6h2uhE="}},"XsrVFebcuXfwovarlGBx90YX0b93l/b2A4mZaNlYlUM=":{"valueMac":{"type":"Buffer","data":"zaEqGPa1rlPo208obdjc/4jWXyXM5efhHuaIO626iO0="}},"juxu6wn06QxbxPPF85Pi7v1KLrNkVT5pPdLZVhMMH3c=":{"valueMac":{"type":"Buffer","data":"5OGSZwlDQYvXbD7WpXFSUu3VkfJPJEyu/eztuKUA7HY="}},"yXP6vMgPymOOIbIu51HbsstNVqROh3EuR0HD0o72jzk=":{"valueMac":{"type":"Buffer","data":"Hss78SAno0PrQxWnCqdMrh9e7wqShSDOWvxSC/fp7vo="}},"6WpcMichuldbRGbbDnw1LzelkNMtAWdQpMnPOAAMWKc=":{"valueMac":{"type":"Buffer","data":"QbjOVyL1EQfEg97R+CoT8tDC3nCFsLlhIH3oNZO8HIE="}},"tEE/uVEEHa8poJhcQYBpL4iEEL9FW5lTavAOzXjNngY=":{"valueMac":{"type":"Buffer","data":"uG/siHyvzzd4/9TkzX2mjZ/V7LbWHUXcCthNeMTwjwI="}},"wGk3grjVgVX14mqj/yEiXCLWMDbMjiMcPKtE/oS/PII=":{"valueMac":{"type":"Buffer","data":"Nhx3/W0otTkd7zoHlh9LbYSvSohD0NIeIW8TW3d2tZQ="}},"ltnk/M6h2S/ZzqWHCjgfkYQh28B2kBYRh5Or/k6fXlg=":{"valueMac":{"type":"Buffer","data":"WwuxzvE//SkO9xp6b75KiOskB5h2ah/8V8o0m8WKSy4="}},"s8xHiZfZ34sPxeQN7YFZFGjYAMbsre7pSUJL2Wcnu7M=":{"valueMac":{"type":"Buffer","data":"Eah8zBykT8I3qCMKRXaiQ5snxA+UQhT2x75SMXsdzq0="}},"Q9S6j6IQqFEbUDyZNEDieKpkqW6w9sVot2xWvYjF1XE=":{"valueMac":{"type":"Buffer","data":"IIo5uO6z5LLwPz2cuh0PZbPut2nc66+5nRXpCA5ytoc="}},"Q80a6q8wAOSQT2mppJaoZhLgAnLDSExHdtVq/FKa5gk=":{"valueMac":{"type":"Buffer","data":"ETZTYwaFRN94CLHSjgi1+yeF5D3qh44N/38tr3w9KDY="}},"RwAekAmVZMBJlDlyzZIQz4/5RsIAyAc+Ek4a/n+iAAY=":{"valueMac":{"type":"Buffer","data":"AEoHrN3dEMs37Atn4gGGriP3Ji7sAJba5OrLf4FJH2o="}},"8Jf70+vUXSYrmpY0CBXNnfx9Pr9rpc7XlSjTz4XuU2s=":{"valueMac":{"type":"Buffer","data":"1Fo8EVU6hlVAe8CVjxp+g8lCdNFSUQUkDsEUqpZQiUc="}},"+kgccy7Mm4QuqNiMBb9i+fX8+RUpGYh5sR7uboIGAoE=":{"valueMac":{"type":"Buffer","data":"g9ZnYjfOtI/ETJwRyV4MNPyy9wHagcNkFYeoDzi8dnM="}},"/eW/Wr2+ncFhcR05xu7nDhIx80b3XWa/U/Lx4Pb/4h0=":{"valueMac":{"type":"Buffer","data":"pwKb5fzimHvzxLJb0YxKt02D6/xx9H8SlEat82KGhyk="}},"NRDg6+QIknzr6TOsbc4k+9xQ930+Idt153B+TjHryv0=":{"valueMac":{"type":"Buffer","data":"Y59HCPXto2WGjWQI3u0ThsgvLOWhlTC/5iwdblsHD70="}},"ObAVdwteK90VjmsNseF0vOza4TDs1qthnVWSIBk0SgU=":{"valueMac":{"type":"Buffer","data":"BqBEYfwxNsLLoCse08Z0XZQONS00hjcTjjZvlF2w3SU="}},"f6FyXIiC84tOiGLi+BbxOJVzPtM4p10Jr6qtTq1Rkmo=":{"valueMac":{"type":"Buffer","data":"bh9HOFL6EsI11D+TIjtxFuxvrRuH6SgOl80Kv/d5dJA="}},"6Ptd5w0Ek80l4ClX8yjFdthoTmlCybKxwU8fZAAHFt8=":{"valueMac":{"type":"Buffer","data":"OLrMHrLHWFEecOtMIXTX7qAkkxTA7da1DgCvnR/UJLU="}},"OsvCcf0JUMl0btD9RffNnnND92y8awHp8qdFGJCdcqc=":{"valueMac":{"type":"Buffer","data":"iSVRzpu+sCxh7OKapgk+sgNGysI1vRkzOnNXcNBQoLU="}},"LyBOxeBVEvnuJTBZLiCTMQgic7j37hTUZ233bUI/VXs=":{"valueMac":{"type":"Buffer","data":"kz3Gi8wxkgo79jt4YKw3GTHAtzB99Vri0drhsu1+daE="}},"B99Iz0qNpBHTtcrvZixq218AfIDpCURigDuHJvaTU9Q=":{"valueMac":{"type":"Buffer","data":"gR4/+4HjYo4PRKqUgcNfDowKKVY81iineeYRvTZeXqY="}},"DUJRavB2Dlm+zjoQdtwqE7j4lWeaiV0/puobrIlMoSE=":{"valueMac":{"type":"Buffer","data":"Z57LHHsonAXRKw5npmG4LJDMjI5ckx7LfEetOXfceKw="}},"2T8evG5qe5HNOoTzNUjqGpId+01cjuKPXG3NwWEKnDA=":{"valueMac":{"type":"Buffer","data":"mJwsKY929Wi3E04KKCgWznWeGFMh4k8nh4upL6MW3Hc="}},"L4BjVh7BzlnUb+KX4BDAu1oimhn3k2ypFRFsn7R8BYA=":{"valueMac":{"type":"Buffer","data":"zhsZEiirE+KvC4lJC4U3v9nZ7a7Ha3cZHgrQ4Nj4ugA="}},"tb89moonqdvQ5AckcMzF2jcU1wnVV6j0rMMUyaYueM4=":{"valueMac":{"type":"Buffer","data":"eAzpD1Ydi73AJNu4uaImlKBD8Hhw77jnGoSXfQAJaWQ="}},"vdal45fRYADcdyfHvHl58Y7wj7Z2zaD4Szdc5zYQtOg=":{"valueMac":{"type":"Buffer","data":"k5t8uQA5Sq5hyVkRX6A8rpFo3EW2eoi0k7GHiNxIrf4="}},"ujO0Y3i+11sgbvWKOoAo/vkL89bkaZ4lDYaVhAtGLic=":{"valueMac":{"type":"Buffer","data":"FwFjc8nA07ZMPbIVIFd3no1RgD+n0sNR4JGk70AbHVw="}},"sr5Okrl/OYxRhm4mXrmEQStTIG9AFOxrNA6e9S9028U=":{"valueMac":{"type":"Buffer","data":"pYWr3Bw27wYIJdt00eVnxQZleatrwWOO2jV3FEvndnU="}},"QiJCu2lODQxulLA6724Z6M5TlpRimvjd5QTs+GTczBY=":{"valueMac":{"type":"Buffer","data":"lcooCWjCh2FOYmmHOdTT0QDtI0gjXSPJbR8Zv7QSEhY="}},"XjPvagES0xZTXlHXo99HDqxnEjm4IeycfXjIRmCkJck=":{"valueMac":{"type":"Buffer","data":"GRWAcVpx6GlYaubcu7nJkbiUJEN2p8/HxjqblMc8ee4="}},"kgCHKbwr3odXuOVEJ/bis3LeXdYU1RSa8VTvzESasbk=":{"valueMac":{"type":"Buffer","data":"42icG0Jfp4o6PpitsS45KSn4kLwZhI49+fC2sMrixRw="}},"8L1yAM2c3loCknPNHIBzEllN3BCfWqDhS/Y6Vp7kkjQ=":{"valueMac":{"type":"Buffer","data":"pHbPEh/LZw+1yi/0wADJNVLgamnvohRy9f/dBHpU9vk="}},"vZPy1UlOk3xYocci0OZ3+4dgr+JC7wbHaywJ/nOLgno=":{"valueMac":{"type":"Buffer","data":"GJkLD2CvoRNsprRPTY4+6rYGJ8OplOWVBg58zTHOdfY="}},"L4NFQeLXQDud4xVdvxoc6EnmWG/CNMnCXfERLVtaB44=":{"valueMac":{"type":"Buffer","data":"KcLczxCBbYJ5xdLCflmQBnP3JZ4XjbkAoEk65nF77ao="}},"qJXu8j7f/IIBx1sZyWqqi8nizUKNIwJpCAPp1QPmtTk=":{"valueMac":{"type":"Buffer","data":"LEloJiZxXbH6ZI0dKQ0T6UMFjhwDT4eJgYPRYcG+nRw="}},"m9F6rMcQCcZ/epWty9xqHrsLXYIxCZJddXGrDBYyjYg=":{"valueMac":{"type":"Buffer","data":"mT0Jngc/m1VgpUPOhFKgClqh3fjTPBxUuw3krf3FcYE="}},"g8ObTZRAoTbgWLSGWPLGlegjvReD82MBgUhLOfsPk2M=":{"valueMac":{"type":"Buffer","data":"oYlWRSujDe49fA/jlmeMnaKrFpjnKAw95GQR8neaS/o="}},"2mInUFPkXM/PI7YEKGqiRzyKkW8XH2XMEBAo/3g0E7Q=":{"valueMac":{"type":"Buffer","data":"aexwkAO3i3gexiLXMLegIcel7/B1U6r9g+eVj7VwRuo="}}}}