{"noiseKey":{"private":{"type":"Buffer","data":"uKhBWXrdZQXj5q5AoZkXIPZ3Z7E9ejo5jzJHSzL2B3Y="},"public":{"type":"Buffer","data":"j1/NM4uoYQuk7REefdsSNpwCDLmXldAxE6+x8HclrSw="}},"signedIdentityKey":{"private":{"type":"Buffer","data":"wHvGQZ3a1ol7KtLx38Us6ofZBy1znGfF6MYbUPVi30Y="},"public":{"type":"Buffer","data":"BgoemqIfFsxO+DfZDlCXST7LqeT5CNKwiYe7WsbqEj4="}},"signedPreKey":{"keyPair":{"private":{"type":"Buffer","data":"UHaSAZzUJnGt6/Gd550BIkp5woTO21OmUH8A04Mo/k8="},"public":{"type":"Buffer","data":"HwMJ4iBfxjYu7CzkaWW2iI3CQLNYVKiGXPH7O+iP1UY="}},"signature":{"type":"Buffer","data":"4m0xT6I4jELzUpa+gt+msGkm1aepwH4kCpZSbkrDVN6zbRMmSItcf/hTB16K1G2zExQOEKZWf0yjb4XFjHAnDw=="},"keyId":1},"registrationId":165,"advSecretKey":"Xow1k/LDOsr+AzNag3aMUqpDjdNezuu/BNt3+AZKqxs=","processedHistoryMessages":[{"key":{"remoteJid":"6283851705636@s.whatsapp.net","fromMe":true,"id":"B9EF867CD57C5899D6064D7FC0AD584B"},"messageTimestamp":1683069281},{"key":{"remoteJid":"6283851705636@s.whatsapp.net","fromMe":true,"id":"450C0B1BC64DE8D9175AB992DE8CE723"},"messageTimestamp":1683069303},{"key":{"remoteJid":"6283851705636@s.whatsapp.net","fromMe":true,"id":"0F1A2A2E20E15A375B47CDF6D5C7AE0D"},"messageTimestamp":1683069320},{"key":{"remoteJid":"6283851705636@s.whatsapp.net","fromMe":true,"id":"E339ED1AA25DACC1EEA2B38D619607B3"},"messageTimestamp":1683069337},{"key":{"remoteJid":"6283851705636@s.whatsapp.net","fromMe":true,"id":"E6522269DFC69FCBDB91FD9B0E2ECD08"},"messageTimestamp":1683069354},{"key":{"remoteJid":"6283851705636@s.whatsapp.net","fromMe":true,"id":"CCFE70A89441E10A58032F74ED810348"},"messageTimestamp":1683069382},{"key":{"remoteJid":"6283851705636@s.whatsapp.net","fromMe":true,"id":"A4C27402F09551747A0670DBECE28A9B"},"messageTimestamp":1683069404},{"key":{"remoteJid":"6283851705636@s.whatsapp.net","fromMe":true,"id":"12301B6039A8A5C2FAEF566F295EF018"},"messageTimestamp":1683069436},{"key":{"remoteJid":"6283851705636@s.whatsapp.net","fromMe":true,"id":"6F8DF7C4CA84C330D28B6B3D50E85789"},"messageTimestamp":1683072579},{"key":{"remoteJid":"6283851705636@s.whatsapp.net","fromMe":true,"id":"F496E0B83EFB3D1E234FCEEEA16834DE"},"messageTimestamp":1683072605},{"key":{"remoteJid":"6283851705636@s.whatsapp.net","fromMe":true,"id":"ECA4CB09EC3B6D8D6C805711FF20FEFD"},"messageTimestamp":1683072633},{"key":{"remoteJid":"6283851705636@s.whatsapp.net","fromMe":true,"id":"E7A66E647A5F8952CE9C8705278912AC"},"messageTimestamp":1683072653},{"key":{"remoteJid":"6283851705636@s.whatsapp.net","fromMe":true,"id":"5B418B9531707FB6917A747998E271D4"},"messageTimestamp":1683072675},{"key":{"remoteJid":"6283851705636@s.whatsapp.net","fromMe":true,"id":"C6F97ABC89628C54AD670A3C765874C1"},"messageTimestamp":1683072691},{"key":{"remoteJid":"6283851705636@s.whatsapp.net","fromMe":true,"id":"83108748B09A795F6CFB41422FD6C96D"},"messageTimestamp":1683072694},{"key":{"remoteJid":"6283851705636@s.whatsapp.net","fromMe":true,"id":"A048F2E5AC7BD04B5F675E0F96182EC0"},"messageTimestamp":1683072694}],"nextPreKeyId":92,"firstUnuploadedPreKeyId":92,"accountSyncCounter":1,"accountSettings":{"unarchiveChats":false},"account":{"details":"CKrf7u8EENeyxqIGGAE=","accountSignatureKey":"q7q7kpTJBt08FvRa2kXSvJ3Cn2tYtszRvVZ+UO7YQ1U=","accountSignature":"viMQEzMp6XWTHSx3tUYuNQi6oYdFSHvgQC8KcRA7LY5Qb9FePzb4szquRowBPDuhizj+DT9WadxJz3tRSzNkAQ==","deviceSignature":"EfCc5TBhB2K2J2fravAxNzkO1/DbBM0EuKuv6OGHdfRUxhKIocc8RebrKU3inzbOLnoYu1i/yixLT6qafu6jDw=="},"me":{"id":"6283851705636:7@s.whatsapp.net","name":"Fagx"},"signalIdentities":[{"identifier":{"name":"6283851705636:7@s.whatsapp.net","deviceId":0},"identifierKey":{"type":"Buffer","data":"Bau6u5KUyQbdPBb0WtpF0rydwp9rWLbM0b1WflDu2ENV"}}],"platform":"android","lastAccountSyncTimestamp":1683072527,"myAppStateKeyId":"AAAAADdA"}