[{"senderKeyId":1083355654,"senderChainKey":{"iteration":8,"seed":"Oefa8ZUUfP9iod/+wJOKyPDUbIyiyAPM5ySHRPpIe9o="},"senderSigningKey":{"public":"BdLcfIeHMD4DIvC/mvfiucng0R4lRHMCRQawa7mfQ0Qo"},"senderMessageKeys":[]},{"senderKeyId":1910455713,"senderChainKey":{"iteration":1,"seed":"w3B+HdjEe48d3qcF0oIrun2H3LlcKxEZDzpZ224krnQ="},"senderSigningKey":{"public":"BYTh/B60M6Fx4j1RWbAeRUNcKWOCEPxksTt3BvbnBWkG"},"senderMessageKeys":[]},{"senderKeyId":465579336,"senderChainKey":{"iteration":1,"seed":"BGRjKfoF29wj67cWMQ2EhQcup70NPsc8H4P6Va4h8m8="},"senderSigningKey":{"public":"BdNctkO616UqiiWBtGB3NifJXBv5WH+im24ZE0ITneR/"},"senderMessageKeys":[]}]