[{"senderKeyId":53213322,"senderChainKey":{"iteration":0,"seed":"Jjg/iIUzdqpZwWGRlAbQCRWF0TFbmDhoUd5b0FOwmu0="},"senderSigningKey":{"public":"BcgAHeYRgvnh51xD8Z14XgSiD9d48KtBDZxMZ7urIedz"},"senderMessageKeys":[]},{"senderKeyId":735020618,"senderChainKey":{"iteration":12,"seed":"sJQikX6VF++l+oIzhEPI7IDksMr6qyLVuUKu9jngHfU="},"senderSigningKey":{"public":"BSE83KhrpkA21CDCbRAYHC+ZtGVOXjXKUksZL0k0XL9V"},"senderMessageKeys":[]},{"senderKeyId":698344297,"senderChainKey":{"iteration":2,"seed":"Cb+fLtGV33ShIsYASquF4m4SeBvT8hEvqH3H3k3B0ZM="},"senderSigningKey":{"public":"BaSi9HCWtMJ3Singgem+m/Hjr220Bbl/GwCAeP+h6qxy"},"senderMessageKeys":[]}]