[{"senderKeyId":1788360615,"senderChainKey":{"iteration":16,"seed":"0CnwgnK8WIP+BYBdoiUL0tNfb1GvkMlePvhMTVdyCIA="},"senderSigningKey":{"public":"BZfUEWX3E47q+t0WMTWDLx3bdGkz/gOXBgYfwrNNrltm"},"senderMessageKeys":[]},{"senderKeyId":1788360615,"senderChainKey":{"iteration":6,"seed":"Lxmq1q4bsFz0/LcUeKLnvApByYysfJLgtZBnmKp4+3w="},"senderSigningKey":{"public":"BZfUEWX3E47q+t0WMTWDLx3bdGkz/gOXBgYfwrNNrltm"},"senderMessageKeys":[]},{"senderKeyId":1699141294,"senderChainKey":{"iteration":1,"seed":"VFnqUu09CdAkPvahYO4h6AS6JqQLEvx/X/V3G5fRpxY="},"senderSigningKey":{"public":"BVucrdGCkVoXNnkbGRzi5G6nX7A5bKJbPJwKX64ydMhW"},"senderMessageKeys":[]}]