[{"senderKeyId":1794878550,"senderChainKey":{"iteration":1,"seed":"+t7oTjmOQiYYiNQCtioVw61vwqJWdytnsyEr3yqoqR0="},"senderSigningKey":{"public":"BRP8O7yW3nj2RUDHRM/iXUr01dUYmTs1BVv4UqTF6YcD"},"senderMessageKeys":[]},{"senderKeyId":1761543899,"senderChainKey":{"iteration":2,"seed":"2nkiRuqmFRWVTNl8qx7Lj6z0tm5QhZUvEEeR4cnNjxM="},"senderSigningKey":{"public":"BUnkDLiuNGeBIh971vnI7cK5Q3bNISyrRRkgB5eu3IJQ"},"senderMessageKeys":[]},{"senderKeyId":1700450320,"senderChainKey":{"iteration":2,"seed":"DrE7w/TLSzU8uSGvNv5K14lZAucnd2fKT8fiIdIDtp4="},"senderSigningKey":{"public":"BQ4qKZ4PyYL/zf2IxSorSKcPar+V0zQWRaHtE+EHXUpV"},"senderMessageKeys":[]},{"senderKeyId":1935001201,"senderChainKey":{"iteration":2,"seed":"yK5559JcjazI2FQ76mKJd1qQsfC7KTg/xdtDTRSrfpU="},"senderSigningKey":{"public":"BYzr0357TVC7lyW8jzZL6HcBBPTVGd+ZZYhyXuNdSohn"},"senderMessageKeys":[]},{"senderKeyId":1410710601,"senderChainKey":{"iteration":2,"seed":"PL2IW7ep/eTtQaXHhY+LUY9pqsIk4jOxDXuG/5/49hA="},"senderSigningKey":{"public":"Bd4Y+I+xNZBbBLpX7RkRIrSCiEtAMbbZSncgMQcCh355"},"senderMessageKeys":[]}]