[{"senderKeyId":54879928,"senderChainKey":{"iteration":4,"seed":"8wJkzpnLcklRAu2YwRl4KLmWNbMCSptqy67LldO7tko="},"senderSigningKey":{"public":"BY1/6yt5SZp9beQDrwXGbaazX+V/2zNmBE2RRNwhq7x1"},"senderMessageKeys":[]},{"senderKeyId":600470175,"senderChainKey":{"iteration":1,"seed":"I1HxEi1fz8YVsVYzuP2bSsQgmA3ypnqdxottd8BH5T8="},"senderSigningKey":{"public":"BYhco6XVy5LOZDzFWbHFnDEpIGch6mPs+vgaWftNlChf"},"senderMessageKeys":[]},{"senderKeyId":1459036408,"senderChainKey":{"iteration":1,"seed":"76VaC8j4BEqvmdeQSSHgIW6S9BL48SV1G0z6ojVGQbY="},"senderSigningKey":{"public":"BbY/1OjMVHsjlc64+9OF/pMwAowrZxPT/vNuYQ9a0h87"},"senderMessageKeys":[]}]