[{"senderKeyId":1328711021,"senderChainKey":{"iteration":24,"seed":"v+VQ2y3YaFawzDvkoo8XktkvfCBBaCh1YNWQcNCbWcw="},"senderSigningKey":{"public":"Bd1WbX+vIN/ja6aC3Mi/Rwdl+jPdmukJhTSWJrfUw4dg"},"senderMessageKeys":[]},{"senderKeyId":1328711021,"senderChainKey":{"iteration":18,"seed":"qrSCKjT2CSKTgzdfHM26DRMkfKpUJMtmsR/r0QIMDWk="},"senderSigningKey":{"public":"Bd1WbX+vIN/ja6aC3Mi/Rwdl+jPdmukJhTSWJrfUw4dg"},"senderMessageKeys":[]},{"senderKeyId":1328711021,"senderChainKey":{"iteration":20,"seed":"dyC9fbsMAT3o1BY5oYyILlgidbb8g2wmmTri74D0YS4="},"senderSigningKey":{"public":"Bd1WbX+vIN/ja6aC3Mi/Rwdl+jPdmukJhTSWJrfUw4dg"},"senderMessageKeys":[]},{"senderKeyId":1328711021,"senderChainKey":{"iteration":21,"seed":"9NFqFnD0R9c5MTHykKpDLl8kJjU9P6m2/UJrzgBH8a4="},"senderSigningKey":{"public":"Bd1WbX+vIN/ja6aC3Mi/Rwdl+jPdmukJhTSWJrfUw4dg"},"senderMessageKeys":[]},{"senderKeyId":1328711021,"senderChainKey":{"iteration":23,"seed":"oe69DTB6H1ZSbIh1TLR3MwmTcXjqTg+59YqlhCOtMW4="},"senderSigningKey":{"public":"Bd1WbX+vIN/ja6aC3Mi/Rwdl+jPdmukJhTSWJrfUw4dg"},"senderMessageKeys":[]}]