[{"senderKeyId":1346406551,"senderChainKey":{"iteration":3,"seed":"UBi7kgl0gl0hZiWWqdtfLjIGWnkLZtns6oVLyJJcTmI="},"senderSigningKey":{"public":"BfdjmdUJFCvXrH19mEfxgP4uLxIheLItm42GcCkWfwZL"},"senderMessageKeys":[]},{"senderKeyId":1346406551,"senderChainKey":{"iteration":2,"seed":"dDTvCKhtMzM/UDhD+8c0WeZmHII0raVnIRDOzp3wweQ="},"senderSigningKey":{"public":"BfdjmdUJFCvXrH19mEfxgP4uLxIheLItm42GcCkWfwZL"},"senderMessageKeys":[]},{"senderKeyId":339338785,"senderChainKey":{"iteration":1,"seed":"iopDvZR1JBhr8gS8fQyOdVXzjwy5H8H9GDWR/wUO29c="},"senderSigningKey":{"public":"BSyWkOzwnKYprvKbuIGoWjYNwtNpBfzeos7lCR0I3Phl"},"senderMessageKeys":[]}]