[{"senderKeyId":848474570,"senderChainKey":{"iteration":23,"seed":"IWEBncN2PWIeVyMpm5YT2GvjZHR+9jimWQCVdKMY6F4="},"senderSigningKey":{"public":"BQKfjTMmKdNc29DMvPN+wpGs8ZbI8V/5doDdzKnYwZFH"},"senderMessageKeys":[]},{"senderKeyId":848474570,"senderChainKey":{"iteration":21,"seed":"g8AsVVXezSPMutJiIOwDlUYz8DLXJnVi3GgiXQV+pKg="},"senderSigningKey":{"public":"BQKfjTMmKdNc29DMvPN+wpGs8ZbI8V/5doDdzKnYwZFH"},"senderMessageKeys":[]},{"senderKeyId":848474570,"senderChainKey":{"iteration":21,"seed":"g8AsVVXezSPMutJiIOwDlUYz8DLXJnVi3GgiXQV+pKg="},"senderSigningKey":{"public":"BQKfjTMmKdNc29DMvPN+wpGs8ZbI8V/5doDdzKnYwZFH"},"senderMessageKeys":[]},{"senderKeyId":848474570,"senderChainKey":{"iteration":21,"seed":"g8AsVVXezSPMutJiIOwDlUYz8DLXJnVi3GgiXQV+pKg="},"senderSigningKey":{"public":"BQKfjTMmKdNc29DMvPN+wpGs8ZbI8V/5doDdzKnYwZFH"},"senderMessageKeys":[]},{"senderKeyId":848474570,"senderChainKey":{"iteration":21,"seed":"g8AsVVXezSPMutJiIOwDlUYz8DLXJnVi3GgiXQV+pKg="},"senderSigningKey":{"public":"BQKfjTMmKdNc29DMvPN+wpGs8ZbI8V/5doDdzKnYwZFH"},"senderMessageKeys":[]},{"senderKeyId":848474570,"senderChainKey":{"iteration":21,"seed":"g8AsVVXezSPMutJiIOwDlUYz8DLXJnVi3GgiXQV+pKg="},"senderSigningKey":{"public":"BQKfjTMmKdNc29DMvPN+wpGs8ZbI8V/5doDdzKnYwZFH"},"senderMessageKeys":[]},{"senderKeyId":848474570,"senderChainKey":{"iteration":22,"seed":"y/fmzl6MylxtJrSICoZv7k45Ajpj0FFGaVqZp08zJ/4="},"senderSigningKey":{"public":"BQKfjTMmKdNc29DMvPN+wpGs8ZbI8V/5doDdzKnYwZFH"},"senderMessageKeys":[]}]