[{"senderKeyId":159164042,"senderChainKey":{"iteration":1,"seed":"VibU3K935J9ohz9R518smS8b81OiobZhXFGbhQX3pKA="},"senderSigningKey":{"public":"BRyhzZyu8zGsswZqme6H6t8MIhHGHOTQOgeupyC23Nlh"},"senderMessageKeys":[]},{"senderKeyId":356330761,"senderChainKey":{"iteration":2,"seed":"cy6l9XCpno6KyASIL/MnpNU7QWu4/5Lu3FWJe9KWDq8="},"senderSigningKey":{"public":"Ba2F7znKEF2zi9TzHfVrWlL7rpUJJk9WRmK6RbWc1Pwv"},"senderMessageKeys":[]},{"senderKeyId":1983457622,"senderChainKey":{"iteration":3,"seed":"G9jrbaol192fmMg/i/LMlV+2oDZktv4skK8LAAi8Sgo="},"senderSigningKey":{"public":"BUnyBHArHXlwvD1xYb7FPZcsbWQttqLTJd834FX5b2Bt"},"senderMessageKeys":[]},{"senderKeyId":645617414,"senderChainKey":{"iteration":6,"seed":"dbd2etTOPEVOfAdCvV1/3nUxegLTt6pPvXqak041V5k="},"senderSigningKey":{"public":"BXyMEXTeAFunp3gfbZfqcCPIGYSlltZuEzTgtPe7pH8c"},"senderMessageKeys":[{}]},{"senderKeyId":645617414,"senderChainKey":{"iteration":5,"seed":"ObMMTJR2zMVD4pZWt80Le3eWmF5eXJiAB0uJBPYtUsc="},"senderSigningKey":{"public":"BXyMEXTeAFunp3gfbZfqcCPIGYSlltZuEzTgtPe7pH8c"},"senderMessageKeys":[]},{"senderKeyId":1757212121,"senderChainKey":{"iteration":2,"seed":"R/8tAfYfySdNXRJWM/vSaVE3Ih58C0cLnb2GN5fhSeo="},"senderSigningKey":{"public":"BanExKwzhDHGGkaeHixyp5hnIPwbm9Z4b89gcwe1kYBZ"},"senderMessageKeys":[]}]