[{"senderKeyId":1517572513,"senderChainKey":{"iteration":5,"seed":"Kxn6PZVigtAuijW+55Xe4SVEISlt7infFr8XtWRbZuY="},"senderSigningKey":{"public":"BdR63PMn6+RervX+hvGgogrzZdfYZLpRwLEra+88HiZu"},"senderMessageKeys":[]},{"senderKeyId":352804734,"senderChainKey":{"iteration":1,"seed":"d/XjXUVf/2v+FKNRsLxuXPVVb49oyj7Q39No4uUIGic="},"senderSigningKey":{"public":"BQS4bA2SmI5AfyLlhxTpu7sP0eXbyRGovf8XEPe4OuUx"},"senderMessageKeys":[]},{"senderKeyId":1776288523,"senderChainKey":{"iteration":2,"seed":"uTR2YVYdzPfmDVJ0YjmTvYD8kbC5kjG2TnnhYFUBh/o="},"senderSigningKey":{"public":"BYzjRe/Rp0CQcce9c9LII10URjhEqoeMYmfkDvWX+KlU"},"senderMessageKeys":[]}]