[{"senderKeyId":1586710307,"senderChainKey":{"iteration":124,"seed":"rmEAeqT3uxqwkYZSm/2xZvBHoQ8iHlK1iDIlz+H9yb4="},"senderSigningKey":{"public":"BW4d7eR6EtWzYXB0+jLv2f7gyI6irT5AlMSufH+0qyMC"},"senderMessageKeys":[{},{}]},{"senderKeyId":588215955,"senderChainKey":{"iteration":1,"seed":"reJ6R7ikgeueQFUqNKWoDWfSXZEIOp3n3RfBOG0HE9k="},"senderSigningKey":{"public":"BWz2H+9Ia1jRUTv03Ka5ks03VcaFold+xj2O2C01RZQ9"},"senderMessageKeys":[]},{"senderKeyId":1065955865,"senderChainKey":{"iteration":1,"seed":"UFTVgyEx8w2g52atyPUZHpbIRlALOxR5ikQJ3XQ8BcY="},"senderSigningKey":{"public":"Bdhqqt8nSwKqmekRh+fEytJDcMiPtqRHnjCfTFCO66x1"},"senderMessageKeys":[]}]