[{"senderKeyId":1469150387,"senderChainKey":{"iteration":2,"seed":"MDA3Zoo/ErRtISjkXzEc8iDbEaebF8xbO+CtkIItwKc="},"senderSigningKey":{"public":"BWQKm/Z6WR1KWHzQXvPjKSkXQq4Z2H26ANsJ3aNP9Opo"},"senderMessageKeys":[]},{"senderKeyId":1101676135,"senderChainKey":{"iteration":2,"seed":"7GmEoR5Y/ISZWv4+N2P1sICIiu8+tWkh4GV3HhUd1cw="},"senderSigningKey":{"public":"BZ/go56ac8Uwc2HRMT8G8bTji5F5OMp/T6ZbGFnBke1l"},"senderMessageKeys":[]},{"senderKeyId":1983199063,"senderChainKey":{"iteration":2,"seed":"HeC0gHhGBDbvbBX+fkZwnIyLx+CyGBoqWK10c1nTCUg="},"senderSigningKey":{"public":"BfjDHCKmLCjDO5cv966Ac+u3ghunHX2C5A6BHCW4VQgk"},"senderMessageKeys":[]},{"senderKeyId":1316631864,"senderChainKey":{"iteration":1,"seed":"mBsfxmH6N8xVaCGrhBwKdcP1zWo064BxNkdHIXj2EsY="},"senderSigningKey":{"public":"BaHUbTvWPkpC0zyjteJid+WQsazbIqnPyMsFxEmBcZtN"},"senderMessageKeys":[]},{"senderKeyId":449954081,"senderChainKey":{"iteration":1,"seed":"bvvPXeQFfsQ0Un0Yoj98IwY2dluXXyh2s0Pj7lTg0cQ="},"senderSigningKey":{"public":"Be+ik+w9uPD4dsalX22FEAMBMQsZs22EJiN+wEFcBZRh"},"senderMessageKeys":[]}]