[{"senderKeyId":1464476444,"senderChainKey":{"iteration":0,"seed":"/C8+tkrXTLyANjA+1sc/2CsG6STzcB/phtmT/qjIReM="},"senderSigningKey":{"public":"BabJR4rHI/8L46TMqEtyunvp7tMPp/iAy/yle+KZ0wkw"},"senderMessageKeys":[]},{"senderKeyId":2024553278,"senderChainKey":{"iteration":1,"seed":"qgZUqCsTMc8QxFOl4FB4q3+9qHvX24qPwlS5GqOb3fU="},"senderSigningKey":{"public":"BWfM9JYNdxeX4FyoPGTBBZA3tCriXygWZM9lVCWMCiAW"},"senderMessageKeys":[]},{"senderKeyId":831649736,"senderChainKey":{"iteration":5,"seed":"IySJ6isdsEBujlEh6rqvHOl3qRIaxnzLVYdZDqi1FPk="},"senderSigningKey":{"public":"Bdve+B3UJOUQ3pPyFxqHqd34bq2rs+VV52dewyCcRyke"},"senderMessageKeys":[]}]