[{"senderKeyId":1198290310,"senderChainKey":{"iteration":1,"seed":"sYIQiAgyl7u0JrNePlY22CYoDnSsqnCbWYG539Z3Vhk="},"senderSigningKey":{"public":"BWkNtPR3fzzd2PoqR4TJoASF2N3aoM4JWMnl1mq0N9d1"},"senderMessageKeys":[]},{"senderKeyId":816187049,"senderChainKey":{"iteration":1,"seed":"x4Oz9vM+kJHMFOLvURyjg4s9AAipk7eFbAZIhcJoqUo="},"senderSigningKey":{"public":"BX7crsrSW0d2gwPut4ho9AIVBg4UADXKPOunxeT43bN+"},"senderMessageKeys":[]},{"senderKeyId":1933972154,"senderChainKey":{"iteration":2,"seed":"enqfqYTPxdZOeML/AvWPrERLPryuY+o5uOUAR3HJ1oo="},"senderSigningKey":{"public":"BZF2sGIUvUjze6sSKcJ/896ZEFvkolzBoHboAepWsq15"},"senderMessageKeys":[]},{"senderKeyId":1933972154,"senderChainKey":{"iteration":1,"seed":"IlZ7/vM1VmMukwu/EgmnI6jRTKfvnwRwbivJrQdBfZM="},"senderSigningKey":{"public":"BZF2sGIUvUjze6sSKcJ/896ZEFvkolzBoHboAepWsq15"},"senderMessageKeys":[]},{"senderKeyId":543584950,"senderChainKey":{"iteration":2,"seed":"EduUbeFjJYoJxAqsE4C8lXJ2iAD0yVfwbWDhQHlcTaY="},"senderSigningKey":{"public":"BTkyQVlOY/tCQDkkvGR9Xotjh9qLDD6rLDnHPo/4Q/c3"},"senderMessageKeys":[]},{"senderKeyId":1809742289,"senderChainKey":{"iteration":2,"seed":"wfcSNJZp6f3q4S/qhxY6RBhgp5O029N0p7NlU6cC/Sg="},"senderSigningKey":{"public":"BaSBFaEGVKY/Jvp420BzyNmJRR7y4SIahvGdLCneiUFa"},"senderMessageKeys":[]},{"senderKeyId":1809742289,"senderChainKey":{"iteration":1,"seed":"n4XVd84IkCvFR6WfSnXYDtuP6kbzVc1+430i+Mojpzo="},"senderSigningKey":{"public":"BaSBFaEGVKY/Jvp420BzyNmJRR7y4SIahvGdLCneiUFa"},"senderMessageKeys":[]},{"senderKeyId":942431583,"senderChainKey":{"iteration":2,"seed":"iBkUNBFdrOhqsER8Mcw4gr28x145ACpcGAuoLpFDLww="},"senderSigningKey":{"public":"BfOsulmYIHNizRryYbgawyh3Z/i9d3AjGJ86tyRV/z8n"},"senderMessageKeys":[]}]