[{"senderKeyId":670560644,"senderChainKey":{"iteration":0,"seed":"AnNRkdMCnLiQ//oLy6qkFuL58329O0VyaDfNGTAfD58="},"senderSigningKey":{"public":"Bedx2X1g8yvj96Wln8RQijyB/fhAKVQ2CDFs+Bsxnx9X"},"senderMessageKeys":[]},{"senderKeyId":1244415591,"senderChainKey":{"iteration":1,"seed":"v/LEiSqsn8/FctAQSfbYZdeM1gEhhok39PN4goqR/jw="},"senderSigningKey":{"public":"BUgnfpjSsPrcCUft9EUj5Fa4ALFtKCn8BlnZEMbFmEAX"},"senderMessageKeys":[]},{"senderKeyId":1442118596,"senderChainKey":{"iteration":1,"seed":"lYZbEfTRp9pYQ6OpT6+6UBrsSONDmVixQRK3KHLeDt4="},"senderSigningKey":{"public":"BVceFxsUBurd37Jv2JJzStD8rr015lMagnOAi+0T9d1M"},"senderMessageKeys":[]}]