[{"senderKeyId":2032614908,"senderChainKey":{"iteration":0,"seed":"1hGS6Xk5wZx2SRCg83i0oBrhgbML1M1x7RQirOs4TZ8="},"senderSigningKey":{"public":"Bdkb9Gz0qrRE7vNxXP3mZlqHKbHEksYUH8o62IMp2P14"},"senderMessageKeys":[]},{"senderKeyId":460192312,"senderChainKey":{"iteration":0,"seed":"MqzdNpuEV0xhB6KrfCn/TXpFSzyHV1MYDOZgZ0yeAXc="},"senderSigningKey":{"public":"Bfhe9zG6/Twz9AhmxtuH7jg6bllHluolrFMcXtSzu7Q5"},"senderMessageKeys":[]},{"senderKeyId":460192312,"senderChainKey":{"iteration":0,"seed":"MqzdNpuEV0xhB6KrfCn/TXpFSzyHV1MYDOZgZ0yeAXc="},"senderSigningKey":{"public":"Bfhe9zG6/Twz9AhmxtuH7jg6bllHluolrFMcXtSzu7Q5"}}]