[{"senderKeyId":386097725,"senderChainKey":{"iteration":2,"seed":"3DrGBttFtwmkIcpvKpB7v2mE5DFnhwClhtmCNt8a4v4="},"senderSigningKey":{"public":"BUqFo/d4P6ixGDZT0cQT6oh8hqara5OfPuyAk6X2c+pW"},"senderMessageKeys":[]},{"senderKeyId":1463714041,"senderChainKey":{"iteration":1,"seed":"lkktaT1gEvGDo+j8IwVwFtHglREC0ZZqKVa51UqimJ0="},"senderSigningKey":{"public":"BWOZRzCIiQV8mtdc9sMtAoIz6ZTCyTiV2wM2Mj8/GHIj"},"senderMessageKeys":[]},{"senderKeyId":539612659,"senderChainKey":{"iteration":1,"seed":"pCPRcXA9RdKre7L8L3ZQ8AbEsKgr5ChS1iDWJfCUEtc="},"senderSigningKey":{"public":"BQawcYXj34Gb1H5Fv9Gl3CHprPMrgLkWyl1oNzuQvJ4G"},"senderMessageKeys":[]},{"senderKeyId":1293317275,"senderChainKey":{"iteration":1,"seed":"3ErSsXtWXZsgvG5nmiNV6KUsGDH0GfwDsnZHIbKhV/4="},"senderSigningKey":{"public":"BVdO3frpTdc94D3HeBF7E4HacYza7SmLYKynX8A4uEtz"},"senderMessageKeys":[]},{"senderKeyId":734731102,"senderChainKey":{"iteration":3,"seed":"CZVPz4ruht4a9ftZKPcnwzfGYBfjPx7e/mDGMDVRyFQ="},"senderSigningKey":{"public":"Bcb8E6CX9Qo/hzL+OtwyvDofk4ykwkJSyuXYx8bRb2Us"},"senderMessageKeys":[]},{"senderKeyId":1717206451,"senderChainKey":{"iteration":2,"seed":"kt82m0GA+UIAjKmk64Y63cL0KyqUQfLh8md2ZhJnOSs="},"senderSigningKey":{"public":"BZrX9N97g5avm5S1YjvQqozMVZ23tJWLFh6DRyAa8/Jr"},"senderMessageKeys":[]}]