[{"senderKeyId":1446917656,"senderChainKey":{"iteration":5,"seed":"pDCEpc4PsfTB/syDp5p3EMcEmW2Vh98Cuj/fgYBTQd8="},"senderSigningKey":{"public":"BXd+YZsyK4XnAx3ryjzQ+4WmhRssMQCp6p85J/Tz4RcB"},"senderMessageKeys":[]},{"senderKeyId":78519197,"senderChainKey":{"iteration":2,"seed":"0KiPZeGRdqiODp/NIKxIAsiLFlN7Wwke8EZdv4o8YJ0="},"senderSigningKey":{"public":"BeXFdI+My/yUAvQF/LB/WWRbiL31jszx3BhwZphDCyJD"},"senderMessageKeys":[]},{"senderKeyId":830908480,"senderChainKey":{"iteration":18,"seed":"+hzuTfrdosU67o0Psx2xQeN7xOUAPlZijGqLmyQ+D9A="},"senderSigningKey":{"public":"BWaw0piRCCcpkL5h2VkBlt8t/fkQBwO0gS1xp92T7xh4"},"senderMessageKeys":[]}]