[{"senderKeyId":970281617,"senderChainKey":{"iteration":30,"seed":"rmvRJ7hSFj1dW9IPPSWddB9RXaSTQRHeVZHOsj90lIk="},"senderSigningKey":{"public":"Bdet+s7rK2/JIg/0G9lV9cY7XIU/qz6l8TC1r9MNySt0"},"senderMessageKeys":[]},{"senderKeyId":431053418,"senderChainKey":{"iteration":2,"seed":"KoETSAhixv3etOF2tNxislppzzs3C3mYBK7m+3ll1a4="},"senderSigningKey":{"public":"BRBZ00QMPDX+yyoFxSLzKNtOtGWO6xSONkTdrr5cc7Eh"},"senderMessageKeys":[]},{"senderKeyId":821895849,"senderChainKey":{"iteration":1,"seed":"xS4aX49i15hL8t/V34yYP4dTaGuBAZGHwbmHdoa272U="},"senderSigningKey":{"public":"BabLxp0/ix5EgOqnk54kUevhl1sr0KGtd8QLmppbAYAM"},"senderMessageKeys":[]}]