{"_sessions":{"BeeDm27rbXyYYn1FLCtvI5KkE6gucB8sdBJ2avfyGZ5N":{"registrationId":1755673918,"currentRatchet":{"ephemeralKeyPair":{"pubKey":"BdJexZj8eFZYOI4/XMdezPwyjzaOks4LrckIBn/Qox0O","privKey":"OBiu0KHT+LAtath/fNgHeRR95S++N/Bac3q9I9F1RGk="},"lastRemoteEphemeralKey":"BTBZ09Hnc1G6gI4hHb4r9Mktn3M9DYQKczSQ+7RTJoxk","previousCounter":0,"rootKey":"GF0pZWKAKISBD5uu4ULQBlj8bCaMeJ/qGkGlslZMUUI="},"indexInfo":{"baseKey":"BeeDm27rbXyYYn1FLCtvI5KkE6gucB8sdBJ2avfyGZ5N","baseKeyType":2,"closed":-1,"used":1683072547506,"created":1683072547506,"remoteIdentityKey":"BazitXwqf533dZ7pm8bUfIzJFltcc/MAf4H4Iq0irHxc"},"_chains":{"BTBZ09Hnc1G6gI4hHb4r9Mktn3M9DYQKczSQ+7RTJoxk":{"chainKey":{"counter":0,"key":"fxOeZfDgwLWhGQsofop+jLxcBs5NBU7F6r3hoRCdG3c="},"chainType":2,"messageKeys":{}},"BdJexZj8eFZYOI4/XMdezPwyjzaOks4LrckIBn/Qox0O":{"chainKey":{"counter":-1,"key":"YwBWng+nQ+XnSTgJGoCTHnLmKnzyfI2502KhXEj3NPA="},"chainType":1,"messageKeys":{}}}}},"version":"v1"}