{"_sessions":{"BZFChZeggEcHfYQJvMKWCAKmfBAIFblgIyu6tiiXJ2hP":{"registrationId":1886685986,"currentRatchet":{"ephemeralKeyPair":{"pubKey":"BcZ6bMmeNLlSLgTwFGCjCEL2FE91HtHB8Hwo8unCMKcx","privKey":"iGOGrmWc7mKwK7RdVm45pjMnrrVYQT1uBYcDCwnE/UQ="},"lastRemoteEphemeralKey":"BTHne5nh4OyuqKMeoUrChd0DXRDK+JqbZdQVcJqfOS1+","previousCounter":0,"rootKey":"H3dVJmwGGwQwercTTkM/ZuOa/Td3GLzorvE6vu0w4Ss="},"indexInfo":{"baseKey":"BZFChZeggEcHfYQJvMKWCAKmfBAIFblgIyu6tiiXJ2hP","baseKeyType":2,"closed":-1,"used":1683072546338,"created":1683072546338,"remoteIdentityKey":"BZg/jggvWP/ykn+BXJ8R/zCY+kYGO/OF+4oM9CotZJEF"},"_chains":{"BTHne5nh4OyuqKMeoUrChd0DXRDK+JqbZdQVcJqfOS1+":{"chainKey":{"counter":0,"key":"Bgm1SFUOPODOO5eWOO9I5v/r2FR5AJy8yaUxNk3A5mg="},"chainType":2,"messageKeys":{}},"BcZ6bMmeNLlSLgTwFGCjCEL2FE91HtHB8Hwo8unCMKcx":{"chainKey":{"counter":-1,"key":"x4aRra3Fb3rUwM29hX9EGSDsJgyjcyW8X2rIBsRQilc="},"chainType":1,"messageKeys":{}}}}},"version":"v1"}