{"_sessions":{"BbUoTpBI2UdKyBDf5/CEEsVCZo/dpKLBYKvM3SipLoVw":{"registrationId":1173734652,"currentRatchet":{"ephemeralKeyPair":{"pubKey":"BaBObv1j5EGIPMnjl/jBnDMhRXOqe9JxUBhnqDZuagVx","privKey":"+Hf+3ga+jCX8nbD3O5BTdRzc0wKCo21zKq41tLSMqHE="},"lastRemoteEphemeralKey":"BdHXB5NLz3A5vqPzrqduALzhcjRJzwMuY5tEHXa3Wj1O","previousCounter":0,"rootKey":"nsDFk2jj7I7kyWaE5YyyRj0p/fjhH/eBToPB0D720X8="},"indexInfo":{"baseKey":"BbUoTpBI2UdKyBDf5/CEEsVCZo/dpKLBYKvM3SipLoVw","baseKeyType":2,"closed":-1,"used":1683080074893,"created":1683080074893,"remoteIdentityKey":"Bbz7ePZmjLD+skadCc3ndTqAvAXi5Y+UgHJEFz6bb99S"},"_chains":{"BdHXB5NLz3A5vqPzrqduALzhcjRJzwMuY5tEHXa3Wj1O":{"chainKey":{"counter":0,"key":"LmJGycTGFeNvKFjUn5OjBk7T5RWs/MCI8NwaC9LOIBc="},"chainType":2,"messageKeys":{}},"BaBObv1j5EGIPMnjl/jBnDMhRXOqe9JxUBhnqDZuagVx":{"chainKey":{"counter":-1,"key":"WIpjW3EafE7RiK1xXVbjAL6H6Ye9vS618R5dI8H7uuo="},"chainType":1,"messageKeys":{}}}}},"version":"v1"}