{"_sessions":{"BZXBcZqZeSEFjJonWjfg0TOpS6DgLWB3LxZZV28AkPRf":{"registrationId":1946420496,"currentRatchet":{"ephemeralKeyPair":{"pubKey":"BbCxzzAyiV713osWRwJnjGz7sFU4LAnIIz85Vpgf8hgd","privKey":"cMDboI8WkrClPWdM+KjeGACYjY6po2H3p+XL/Ec3sn4="},"lastRemoteEphemeralKey":"BYSsux5/7wLwh3T2a2931MeI5HVHtpR1om0f6bIODNM1","previousCounter":0,"rootKey":"5IHgT9Tg0uh0AVAhSORlhpD0KNm/6vm+VSGw+6LGrCo="},"indexInfo":{"baseKey":"BZXBcZqZeSEFjJonWjfg0TOpS6DgLWB3LxZZV28AkPRf","baseKeyType":2,"closed":-1,"used":1683072563558,"created":1683072563558,"remoteIdentityKey":"BfMDys1Ht/8bopD325hj6GZP1fhbkMc9m4nLD0jl6K1y"},"_chains":{"BYSsux5/7wLwh3T2a2931MeI5HVHtpR1om0f6bIODNM1":{"chainKey":{"counter":2,"key":"cJxIcMz/nDv6+tCJngsoHwjPHbnKfOQXbYP9xfsv7/k="},"chainType":2,"messageKeys":{}},"BbCxzzAyiV713osWRwJnjGz7sFU4LAnIIz85Vpgf8hgd":{"chainKey":{"counter":-1,"key":"Q+HeRHDFZUZzj/Ii9FtvPJyMGpmlm8lO5LQudm4OEyQ="},"chainType":1,"messageKeys":{}}}}},"version":"v1"}