{"_sessions":{"BUJYjlTzTKLqHDhwmXSflsgZV0AXeZzXMVYS2iHMe3RH":{"registrationId":2105661970,"currentRatchet":{"ephemeralKeyPair":{"pubKey":"BYFAysVmxhvAM4MO64jQhvHzsPZtEwUy4rxKA1XQ6jQw","privKey":"EGh+kFWsI/N6GMzXwC9ZRya6Lf8vO4wc6Mfuhn3FBUQ="},"lastRemoteEphemeralKey":"BWGKm8cIv7h+Z2lI+Dm1m+/DOLqoNB3SlrtH8Qw4VkEy","previousCounter":0,"rootKey":"+Asr7lwSAy6zVVmmZKlFS/XxCYIfx0Ol/9YUOAhoY4Q="},"indexInfo":{"baseKey":"BUJYjlTzTKLqHDhwmXSflsgZV0AXeZzXMVYS2iHMe3RH","baseKeyType":2,"closed":-1,"used":1683073104274,"created":1683073104274,"remoteIdentityKey":"BZ7ox6dTYTkxhSCQGJB4VORXo6+u5gScWiPFXZcL5FNn"},"_chains":{"BWGKm8cIv7h+Z2lI+Dm1m+/DOLqoNB3SlrtH8Qw4VkEy":{"chainKey":{"counter":0,"key":"ql0qzMgYnkO7hWWkOeCw8Z1cqnFAHewZK4dkb/BWD+A="},"chainType":2,"messageKeys":{}},"BYFAysVmxhvAM4MO64jQhvHzsPZtEwUy4rxKA1XQ6jQw":{"chainKey":{"counter":-1,"key":"l1wAB1fPRZKmZcMcA/MiPOHUI8V2ks63eJe2UlE+cZo="},"chainType":1,"messageKeys":{}}}}},"version":"v1"}