{"_sessions":{"BYk1B+YGYBU2knwmNPMUIwG/rzXWY2+L7VClreAQr6hX":{"registrationId":818685739,"currentRatchet":{"ephemeralKeyPair":{"pubKey":"BTf26OTInBYn5qhMR+vikHZwBxafW3Pv031hiHzgsgMP","privKey":"eCJa8/Lfi3Uipbt5MtcYR0/COUIrUXQU/kNncN2f3EY="},"lastRemoteEphemeralKey":"Bcz8e/nnPVp/WpOXaqsfdISk0lRZjwwXFyY2uNyxRbwd","previousCounter":0,"rootKey":"CByY5NiJYcR6TywFgdkXdKNjohzizMd+RNVj1gtg9tk="},"indexInfo":{"baseKey":"BYk1B+YGYBU2knwmNPMUIwG/rzXWY2+L7VClreAQr6hX","baseKeyType":2,"closed":-1,"used":1683072546156,"created":1683072546156,"remoteIdentityKey":"BcbIHUepOJbkMQnFcuNNnVDV1iprxec28KCAovEkLSEY"},"_chains":{"Bcz8e/nnPVp/WpOXaqsfdISk0lRZjwwXFyY2uNyxRbwd":{"chainKey":{"counter":0,"key":"x34TxN8Ux7HdajJENV/B1Cz26RnpzSiWdbaRRYVpju8="},"chainType":2,"messageKeys":{}},"BTf26OTInBYn5qhMR+vikHZwBxafW3Pv031hiHzgsgMP":{"chainKey":{"counter":-1,"key":"jW1D+Li6OnRBDZi9FUlVRJTGAOSXReSi9f3p/1vgxGM="},"chainType":1,"messageKeys":{}}}}},"version":"v1"}