{"_sessions":{"BUVJ9gByAkMkZJtw/zyGU6JmK0NizqgU8UKa52q4OGgx":{"registrationId":962703628,"currentRatchet":{"ephemeralKeyPair":{"pubKey":"BYq1Jr4raTGsdwVb1A8zg5kKgkU8Jvk8dZwKfkdpUi1N","privKey":"EFT1/by/ta1N5E9h+r12z79HYw9aJQG8k3K+ZVYBRFY="},"lastRemoteEphemeralKey":"BfeO7jxm/cF0gFmITQE2lSy3Sv8/l1A9wpFu3YuSZwgJ","previousCounter":0,"rootKey":"YJwmCTQq4BNS7Dnckdj5bIilzH1NI9rnpAGvwNYe4Oo="},"indexInfo":{"baseKey":"BUVJ9gByAkMkZJtw/zyGU6JmK0NizqgU8UKa52q4OGgx","baseKeyType":2,"closed":-1,"used":1683072545489,"created":1683072545489,"remoteIdentityKey":"Bf+dJVVeh/n768cA5bW0yT8xbZCjsNhD56/GEv28h45f"},"_chains":{"BfeO7jxm/cF0gFmITQE2lSy3Sv8/l1A9wpFu3YuSZwgJ":{"chainKey":{"counter":0,"key":"fuY7JGeLqxeRjEyb/ekY20xfEc5nP0SQbR69bHvsg9M="},"chainType":2,"messageKeys":{}},"BYq1Jr4raTGsdwVb1A8zg5kKgkU8Jvk8dZwKfkdpUi1N":{"chainKey":{"counter":-1,"key":"2GFR005nG3zjMHQ0V5HpuhS1n6BF8Y0x2cdC5Hwy9JU="},"chainType":1,"messageKeys":{}}}}},"version":"v1"}