{"_sessions":{"BXkA3jcoYvPN4CgnSbQKjN+0USgY7LoUuos9D6w9ty5+":{"registrationId":530664765,"currentRatchet":{"ephemeralKeyPair":{"pubKey":"BTjuvmWTNTmztr4DxcL+xqRfhInesaipFJy9xWlu8MJF","privKey":"oC63ZdgFPCDJflmJl+Oue6JitiZm8LjXv27+r9oUKms="},"lastRemoteEphemeralKey":"BZcdoEa9kRUnakgEfYsyelNItn6/IZL6u45SkDjMEUYH","previousCounter":0,"rootKey":"SnaBYMGR9GF81Zu973UW9i6vfw/QW3sEs34UQJN9IQ4="},"indexInfo":{"baseKey":"BXkA3jcoYvPN4CgnSbQKjN+0USgY7LoUuos9D6w9ty5+","baseKeyType":2,"closed":-1,"used":1683072560684,"created":1683072560684,"remoteIdentityKey":"BYFiYWqI+Y9D5RhsUPtQgaTj+CA3fXQ5wkatY7EcfQVo"},"_chains":{"BZcdoEa9kRUnakgEfYsyelNItn6/IZL6u45SkDjMEUYH":{"chainKey":{"counter":0,"key":"3o29X+GfNVXiXjCRJ8ad/AO2C+YGpm5pilM4DFq9dBA="},"chainType":2,"messageKeys":{}},"BTjuvmWTNTmztr4DxcL+xqRfhInesaipFJy9xWlu8MJF":{"chainKey":{"counter":-1,"key":"uK6a1FPlHo9226iWEr0coUt3g8rDEQVmbOoqSu6Y10o="},"chainType":1,"messageKeys":{}}}}},"version":"v1"}