{"_sessions":{"BUOUbBF8ScdPMaz7COrIikzFt3Tc5gPROpaUf4rBbXkx":{"registrationId":1962137487,"currentRatchet":{"ephemeralKeyPair":{"pubKey":"BRhTjblZ1HQ9hixrBRG5YmiixB4bSteyZWUuIBlw1/ZR","privKey":"KIqYMxao/oNFdkOJaiHtl+L1RUumXZ+3jD3agBTqyGI="},"lastRemoteEphemeralKey":"BWPNNG0TJQLHAbAoJIBykaNyAmCAfRcJ3LAX40MeCxYn","previousCounter":0,"rootKey":"no1nCD+5CErDiod7hajSKbrKIglBXQuS2TjPpK0XAbk="},"indexInfo":{"baseKey":"BUOUbBF8ScdPMaz7COrIikzFt3Tc5gPROpaUf4rBbXkx","baseKeyType":2,"closed":-1,"used":1683072559423,"created":1683072559423,"remoteIdentityKey":"BVHZxk2mRp/4tHDnv+EPpikz3PL09lpckv7R4A2VVElb"},"_chains":{"BWPNNG0TJQLHAbAoJIBykaNyAmCAfRcJ3LAX40MeCxYn":{"chainKey":{"counter":0,"key":"JGxpbA4fZI6kT4juLnKj99wtYqyUha4r8wCpw7Wt+WI="},"chainType":2,"messageKeys":{}},"BRhTjblZ1HQ9hixrBRG5YmiixB4bSteyZWUuIBlw1/ZR":{"chainKey":{"counter":-1,"key":"d8Hw2+8IwkZrGP7sviM3IpAXKFYKfPXrKlnP3i0c2r8="},"chainType":1,"messageKeys":{}}}}},"version":"v1"}