{"_sessions":{"BXKyaZ1ojIFQwZAWFBkskv5Y1hwbAwrEev7JeWom3lI8":{"registrationId":1749260559,"currentRatchet":{"ephemeralKeyPair":{"pubKey":"BQOPZYot3n3GfLebcKjKVSkox0xQwEhYWm56irZFVn4a","privKey":"6GqxwBtFsNeA78tQdJ9g7pDCurYtktXnbtr5ezevcXk="},"lastRemoteEphemeralKey":"BbsGXVDHZtjt2TxOE+EGyEGu/XTvtOS9YwySBApzWCsI","previousCounter":0,"rootKey":"R6ehb9/EsWgQqh6CUIlSCpOa5KeZh3XdrgvWx1Wnbuk="},"indexInfo":{"baseKey":"BXKyaZ1ojIFQwZAWFBkskv5Y1hwbAwrEev7JeWom3lI8","baseKeyType":2,"closed":-1,"used":1683072551316,"created":1683072551316,"remoteIdentityKey":"BWy8dYPJNPe9xWZNM1yifwHi3uTs/VXeZyne3LUkl/hr"},"_chains":{"BbsGXVDHZtjt2TxOE+EGyEGu/XTvtOS9YwySBApzWCsI":{"chainKey":{"counter":0,"key":"FYJxZwDJJt1df5DpUOnCWqtjcCcBif08nMmhqEoA5L4="},"chainType":2,"messageKeys":{}},"BQOPZYot3n3GfLebcKjKVSkox0xQwEhYWm56irZFVn4a":{"chainKey":{"counter":-1,"key":"hILorNdobBDzO8CkJterCgjEdgq7gEsXRqcQkpVsklQ="},"chainType":1,"messageKeys":{}}}}},"version":"v1"}