{"_sessions":{"BeUxztC4RmzP0glZfuuwReLhX7ZcdaLVKRmCOfIp7/E0":{"registrationId":1460037179,"currentRatchet":{"ephemeralKeyPair":{"pubKey":"BVxDcnZhlhHmpZ1zMKFmRvsgbDu4He6lk6LiEr4nkhER","privKey":"wLukOpGnR3GNvhl2zgfToOaZzJuTRq0gV9hvNCXDjnk="},"lastRemoteEphemeralKey":"BTXHTLerfYs73VvHkxL+L5skWQDYXM3qYu6ovBMSJRou","previousCounter":0,"rootKey":"NAZyvBob8y/t9JLMJwRJE2FTCZva6Y160C6QA480WIw="},"indexInfo":{"baseKey":"BeUxztC4RmzP0glZfuuwReLhX7ZcdaLVKRmCOfIp7/E0","baseKeyType":2,"closed":-1,"used":1683073789265,"created":1683073789265,"remoteIdentityKey":"Bdcx6mC45ETPAc4aOS6w8BQwjgadSHokHkP4L4Dqr0tH"},"_chains":{"BTXHTLerfYs73VvHkxL+L5skWQDYXM3qYu6ovBMSJRou":{"chainKey":{"counter":0,"key":"5rHOztlZhKZFXKM35u1g5UknxggdvbMNLblDfyO0McM="},"chainType":2,"messageKeys":{}},"BVxDcnZhlhHmpZ1zMKFmRvsgbDu4He6lk6LiEr4nkhER":{"chainKey":{"counter":-1,"key":"EkXDF3sUHn7XPq4gHPsp2E06VxK7Q5tcEmaAcG/+CIw="},"chainType":1,"messageKeys":{}}}}},"version":"v1"}