{"_sessions":{"BXrf8Yb03bum2MWLHn6jldNtuclhLLFYSsmG7O4oIe4P":{"registrationId":157996113,"currentRatchet":{"ephemeralKeyPair":{"pubKey":"BfUsBEvztKU2eX19hZpACqaKYCH1MDCKfKIUj3Xylhk4","privKey":"+BUMBSKpbrIKDC2S7FasTzXK9Cjx37YjNiLh4PU6+Go="},"lastRemoteEphemeralKey":"BQNj05akqeFUyZuA2+z3Oy/lSglfZE8ly88hKoyj5E5O","previousCounter":0,"rootKey":"5Smh8cvzr7YlzG95Uba8z/DT++nid8DgOE31L8IGl/0="},"indexInfo":{"baseKey":"BXrf8Yb03bum2MWLHn6jldNtuclhLLFYSsmG7O4oIe4P","baseKeyType":2,"closed":-1,"used":1683072561040,"created":1683072561040,"remoteIdentityKey":"BXe1FmJ3qUdXrJ8brjzErN/Ejj3ag2P3WhcFbB322R8Z"},"_chains":{"BQNj05akqeFUyZuA2+z3Oy/lSglfZE8ly88hKoyj5E5O":{"chainKey":{"counter":0,"key":"vIEsWDoy0cou2gZ8n3aQoQ7M42x2H3Ah38OqGs6K4oE="},"chainType":2,"messageKeys":{}},"BfUsBEvztKU2eX19hZpACqaKYCH1MDCKfKIUj3Xylhk4":{"chainKey":{"counter":-1,"key":"ivIrQkDV3ti+MtIAwZ27SyHWyC6C29YYrCPtFGOV7QE="},"chainType":1,"messageKeys":{}}}}},"version":"v1"}