{"_sessions":{"BQxrxO7DWS4KgKAMjEnDCmzKgFyZ7kg1zZist4FOG/xt":{"registrationId":289708187,"currentRatchet":{"ephemeralKeyPair":{"pubKey":"BUxsks88ITR61JTo+KfMEb4mHGvbVNgY3uGtlU9tqjhf","privKey":"AJORyq2h3GJult9IaB8SQpAJ7nORQ4HAL8/uR7SeyEc="},"lastRemoteEphemeralKey":"BWXtR6ctQxMfvHYF6vzdcc3kzY6BDkQya4Ezxv8jTKlz","previousCounter":0,"rootKey":"WX5DH2GT28P6vs7LUHq3Sar92xGkVsF4Jfb6SytqQFk="},"indexInfo":{"baseKey":"BQxrxO7DWS4KgKAMjEnDCmzKgFyZ7kg1zZist4FOG/xt","baseKeyType":2,"closed":-1,"used":1683072549074,"created":1683072549074,"remoteIdentityKey":"BUlbd/TwoFCY91aw62jtGnoytFe/A8wGK9eDbXq5ZSQy"},"_chains":{"BWXtR6ctQxMfvHYF6vzdcc3kzY6BDkQya4Ezxv8jTKlz":{"chainKey":{"counter":0,"key":"N5rASFny/b9O2WYml5uqZXO7PAxztg6/cqca20M0PFI="},"chainType":2,"messageKeys":{}},"BUxsks88ITR61JTo+KfMEb4mHGvbVNgY3uGtlU9tqjhf":{"chainKey":{"counter":-1,"key":"ERGfbHXvbzaDs4FytG6tHP/hA3Akl3r3UkieTLlyKVw="},"chainType":1,"messageKeys":{}}}}},"version":"v1"}