{"_sessions":{"BS7GExLDQnLeNMwm/gZqkA89iEIFUJ+DrD9FRe55H4kG":{"registrationId":629941529,"currentRatchet":{"ephemeralKeyPair":{"pubKey":"BeEr+rn72iHAsBFWAU0WRP7pDlOXBBZ3Ui1jaszGqGc4","privKey":"4E+mp/Lve5T2Gd0H0kMvp7cPLBlHFcSs8OWSW03xkkI="},"lastRemoteEphemeralKey":"BWP4MK/6eHG3keP18COFtG2krX+NPZQ8VWQUt9h4dpU6","previousCounter":0,"rootKey":"3Nm7mDbfgqlGPGq7THTmDeiOcSqmEyQAGjd/iFiAuUI="},"indexInfo":{"baseKey":"BS7GExLDQnLeNMwm/gZqkA89iEIFUJ+DrD9FRe55H4kG","baseKeyType":2,"closed":-1,"used":1683072547002,"created":1683072547002,"remoteIdentityKey":"BQYD68y03aveDbGKXNhMLxRbr7HvOx9GxKrEpvLI7KEv"},"_chains":{"BWP4MK/6eHG3keP18COFtG2krX+NPZQ8VWQUt9h4dpU6":{"chainKey":{"counter":1,"key":"hCT2Hd7LQsMIB6I0aWmKFwZBmsMpp9akab6pUFlCs5s="},"chainType":2,"messageKeys":{}},"BeEr+rn72iHAsBFWAU0WRP7pDlOXBBZ3Ui1jaszGqGc4":{"chainKey":{"counter":-1,"key":"8H2OVurJymh6oNqRzos01KFZ/Ru1tBZCNpj98nIcCXs="},"chainType":1,"messageKeys":{}}}}},"version":"v1"}