{"_sessions":{"BWDW3qLMv50N+P4iZ3EqdPSBcLROkhnUM565N7YKuFl2":{"registrationId":2138966107,"currentRatchet":{"ephemeralKeyPair":{"pubKey":"Bfdb+C7i7zln0j9ZNnovsi24KdF7RBmVlYyOM8Xx5+4J","privKey":"aMfPSi64fevgeSqYHKGRFYnTOm1q+W6wafQAb5iERXQ="},"lastRemoteEphemeralKey":"BaxMvZd5lktpyYRDo+6MYlU96x6zU3OOQfgvb67tms88","previousCounter":0,"rootKey":"H4SCkL+NzKOAVmwiDkXubZQPgJF6yZHKI3Mrq7C/iDY="},"indexInfo":{"baseKey":"BWDW3qLMv50N+P4iZ3EqdPSBcLROkhnUM565N7YKuFl2","baseKeyType":2,"closed":-1,"used":1683072559268,"created":1683072559268,"remoteIdentityKey":"BQp23WAqWGX1ZNSeIx46C4hiNwSnkM4lLRY5Lx97kDsD"},"_chains":{"BaxMvZd5lktpyYRDo+6MYlU96x6zU3OOQfgvb67tms88":{"chainKey":{"counter":0,"key":"4F5K1Vt8hJ+XXsWKOgXrzWSyVmdU7qqPbkX+skVskcE="},"chainType":2,"messageKeys":{}},"Bfdb+C7i7zln0j9ZNnovsi24KdF7RBmVlYyOM8Xx5+4J":{"chainKey":{"counter":-1,"key":"RgE1LN+YRQrEvECIyfn/WHCG8nOOc6FQSmZ+LSQANQQ="},"chainType":1,"messageKeys":{}}}}},"version":"v1"}