{"_sessions":{"BfaGsegNuhDs5b7Z4SZOEya9OPLI+Opl/BLv1S8+Glcn":{"registrationId":1039523510,"currentRatchet":{"ephemeralKeyPair":{"pubKey":"BbJmnAktH0Isxh+PFlxbKPhncAdUoWTyfxAbuOd3uOZS","privKey":"IAXVk5aiOJ4qhFKliScqvq7AZY0CNSSvLaPUkrF/I20="},"lastRemoteEphemeralKey":"BeCdGtzVY4Qq08LMbB22UvwqQNzUQdqDQAV3VDgf9Z4G","previousCounter":0,"rootKey":"p12FmO9IwZt7OT7ITVogjAzyZMdG2Zme0f4oKdI105c="},"indexInfo":{"baseKey":"BfaGsegNuhDs5b7Z4SZOEya9OPLI+Opl/BLv1S8+Glcn","baseKeyType":2,"closed":-1,"used":1683072566244,"created":1683072566244,"remoteIdentityKey":"BR24gsQZnjHQqHNbHIVZIRVUMjCBwRqBmOM/uGlJBYVx"},"_chains":{"BeCdGtzVY4Qq08LMbB22UvwqQNzUQdqDQAV3VDgf9Z4G":{"chainKey":{"counter":1,"key":"D66Q6RcdxBiM8MJleDf2ScK+o44cFlUPR6y3K/QvoUY="},"chainType":2,"messageKeys":{}},"BbJmnAktH0Isxh+PFlxbKPhncAdUoWTyfxAbuOd3uOZS":{"chainKey":{"counter":-1,"key":"ZnrgjJSxcDZftPFclucJ/cUqgil05hDcpHg+Q9DHTWo="},"chainType":1,"messageKeys":{}}}}},"version":"v1"}