{"_sessions":{"Ba7sCgJM+uXitidFEwUfjS9QJXWQ/OX6gU9csBmiE3V6":{"registrationId":382022846,"currentRatchet":{"ephemeralKeyPair":{"pubKey":"BW4FMfXWwGpSnc7jZM49OmXNU1IpiXAbeK3m9PVZaq4m","privKey":"IOW48VEiecMDYHED1LHoczc06jKVn49UlW4+JbOjeX8="},"lastRemoteEphemeralKey":"BWrCFh/kDCckYEaUMcfShy9Jj8IWS/if8bXl8NigFoQS","previousCounter":0,"rootKey":"VgrFOAocGTnW+dTRQRQRv3fYyPC9t0BDX7NL8olRuFI="},"indexInfo":{"baseKey":"Ba7sCgJM+uXitidFEwUfjS9QJXWQ/OX6gU9csBmiE3V6","baseKeyType":2,"closed":-1,"used":1683072546791,"created":1683072546791,"remoteIdentityKey":"BTfouAUjjkvUrT9w/nxsnf9qGXDB71bCDgZBGfVmNYIz"},"_chains":{"BWrCFh/kDCckYEaUMcfShy9Jj8IWS/if8bXl8NigFoQS":{"chainKey":{"counter":0,"key":"LEaktv0GP1BG+KB9vDt1tl82y0N/Lac9vVRQROwWYTw="},"chainType":2,"messageKeys":{}},"BW4FMfXWwGpSnc7jZM49OmXNU1IpiXAbeK3m9PVZaq4m":{"chainKey":{"counter":-1,"key":"ESEMOXuvoboE4oSBxnPAXlk0uQzHRsh23KIBpQStzQY="},"chainType":1,"messageKeys":{}}}}},"version":"v1"}