{"_sessions":{"Bdn2VTJLegJce3xdNOZFT/elFTW7GoMw7xoHz6sGsCJo":{"registrationId":384118489,"currentRatchet":{"ephemeralKeyPair":{"pubKey":"BSzrGvXE9+JOuZkGmVOl40EKG7jtQ0T+ulTS8u1R3pRh","privKey":"0Kaj7ZvgvhE4OTkIqVEtv12GXH7JiQSXbwDPs1Mr4Xc="},"lastRemoteEphemeralKey":"BZJ+5GVpDZC+fJCx9vzP/h2+1UlVzLiBP2rILdtEPN5q","previousCounter":0,"rootKey":"rnSWhhdpWdKr0nx3XaaCWdhBmzboPop88VWn4zw8aQg="},"indexInfo":{"baseKey":"Bdn2VTJLegJce3xdNOZFT/elFTW7GoMw7xoHz6sGsCJo","baseKeyType":2,"closed":-1,"used":1683072564802,"created":1683072564802,"remoteIdentityKey":"BZkKA5yak9OP3CFf14kNM65PATv1GQojms9s1UvGi3B7"},"_chains":{"BZJ+5GVpDZC+fJCx9vzP/h2+1UlVzLiBP2rILdtEPN5q":{"chainKey":{"counter":0,"key":"VVLlpp5l9w/gJi3KXhum2JpN0Jzi4k+0BSdwBmOJlZg="},"chainType":2,"messageKeys":{}},"BSzrGvXE9+JOuZkGmVOl40EKG7jtQ0T+ulTS8u1R3pRh":{"chainKey":{"counter":-1,"key":"tWtaYgmntXFNhA/+C/AxzkI3skxyHuU7jZgnahjYWmY="},"chainType":1,"messageKeys":{}}}}},"version":"v1"}