{"_sessions":{"BQEdELJayGDlEXicF3Vn18mMk4IJPnoj6v1FiTe4GzEK":{"registrationId":968514811,"currentRatchet":{"ephemeralKeyPair":{"pubKey":"BawxzxbPjR9LO57amvv53BqISIs5XghyZRKSlF6zhO0P","privKey":"gCVbNSgSxljysdr2YtVhCzYj/7qkcsYNyfsxsdMBk3s="},"lastRemoteEphemeralKey":"BXLkdzqCmt92j6fqvHkAzh4qnT7f6g9qVorndTj1UWxB","previousCounter":0,"rootKey":"joQNrMPTQWKLwNJOrmnUOy4KgM5a/XzOozM/kFTFiaI="},"indexInfo":{"baseKey":"BQEdELJayGDlEXicF3Vn18mMk4IJPnoj6v1FiTe4GzEK","baseKeyType":2,"closed":-1,"used":1683073050220,"created":1683073050220,"remoteIdentityKey":"BZjuNO1Z8mYW1xRohK0zs1uT6tNlttj6EbmSy+fPI5t0"},"_chains":{"BXLkdzqCmt92j6fqvHkAzh4qnT7f6g9qVorndTj1UWxB":{"chainKey":{"counter":0,"key":"OtemFyWJCG+uj6n3D9S5aheg7nUTN2o5meHuAEKs4mA="},"chainType":2,"messageKeys":{}},"BawxzxbPjR9LO57amvv53BqISIs5XghyZRKSlF6zhO0P":{"chainKey":{"counter":-1,"key":"miqipjpXP/RtEc1KtDhtLuHdMy8tW7DRIXKXPQc+SeY="},"chainType":1,"messageKeys":{}}}}},"version":"v1"}