{"_sessions":{"BSJlU2YQcW6IFKKfjXO+xxbdHdANTrzUeLHQ8zPsalYv":{"registrationId":1002372423,"currentRatchet":{"ephemeralKeyPair":{"pubKey":"Be7JDiDuzNUM6yieSfjnJVkZYimfaMeR5FVH77ckrClI","privKey":"oLEIWUzgtXt1y1N0T/PsLhwL3hBJCLxdPmXPxUjmi0E="},"lastRemoteEphemeralKey":"BeN53hrpe/3oH4iX6b+Kz9X76I/OzpORo+iWdl8/u8FS","previousCounter":0,"rootKey":"eBkJP6bUtv2vTc3R5/K8uDpTY04sgXKUowBwqahZaXA="},"indexInfo":{"baseKey":"BSJlU2YQcW6IFKKfjXO+xxbdHdANTrzUeLHQ8zPsalYv","baseKeyType":2,"closed":-1,"used":1683073523725,"created":1683073523725,"remoteIdentityKey":"BRYwa9kFfypX6plj2ewCYobNKEkWb71+mh21JjW+Wfse"},"_chains":{"BeN53hrpe/3oH4iX6b+Kz9X76I/OzpORo+iWdl8/u8FS":{"chainKey":{"counter":1,"key":"1Wmbs/vMLrenGpcIPbD0rULkYnzB1/Ad9efJEqWe+r0="},"chainType":2,"messageKeys":{}},"Be7JDiDuzNUM6yieSfjnJVkZYimfaMeR5FVH77ckrClI":{"chainKey":{"counter":-1,"key":"TXEqMNtkt+HOXfZPkZw0LP9oDEj387Or5KM1oAIxZcM="},"chainType":1,"messageKeys":{}}}}},"version":"v1"}