{"_sessions":{"Be28k/4pNZlA236KRngC3tLv2F8ixbgaur4ayBMM9oBL":{"registrationId":507831771,"currentRatchet":{"ephemeralKeyPair":{"pubKey":"BbIVKziN0Xxz2r+qZDu3dsGhTGmeQ8ihTziSiop+vlBK","privKey":"2Af0GycP/iRQlye2ohxz/54HwX7thaC1mCUGVximLEA="},"lastRemoteEphemeralKey":"BeAx6RQ8shpooCtGewt5qXvQLTe9sgwIVLgO3g5A5cZv","previousCounter":0,"rootKey":"/3DSmRAyoxIloNIrfLoWa01VFXz1weLOa2/vZW3fbx8="},"indexInfo":{"baseKey":"Be28k/4pNZlA236KRngC3tLv2F8ixbgaur4ayBMM9oBL","baseKeyType":2,"closed":-1,"used":1683072554488,"created":1683072554488,"remoteIdentityKey":"Bdf7AIJDTrzPWTMzlbRxAOmSMVMirk8IE/VQaW2Rg7J3"},"_chains":{"BeAx6RQ8shpooCtGewt5qXvQLTe9sgwIVLgO3g5A5cZv":{"chainKey":{"counter":2,"key":"rX8Z1tlNDMUr//2lgri5wwrFeDFB0w08EZV2QkwIKmw="},"chainType":2,"messageKeys":{}},"BbIVKziN0Xxz2r+qZDu3dsGhTGmeQ8ihTziSiop+vlBK":{"chainKey":{"counter":-1,"key":"Enp6D8SE9oSogDSV9ZwuS3qWVwOmWI+hs1J5uRLq/H0="},"chainType":1,"messageKeys":{}}}}},"version":"v1"}