{"_sessions":{"BVNKkAf43+DVJ6dsEdpqr+pYkHsXtbl/B9RB4bp4ax9H":{"registrationId":918728753,"currentRatchet":{"ephemeralKeyPair":{"pubKey":"BYCDJGiXjBkQWLlKQhrFBM1vfo0xc3tg9G+cNC9ULCRx","privKey":"4DmY012Y5HAh1oCe4qttwzlhEAf4rtPu8pwN7xMjN3U="},"lastRemoteEphemeralKey":"BbSmEt8FDCylKe7N/dUGgFv+KSBg+pVfwlEVMjm5z/c0","previousCounter":0,"rootKey":"gq9NUsxVA9Yd+E0QOcXR12TU0Kql/J9g74zZP3cdqps="},"indexInfo":{"baseKey":"BVNKkAf43+DVJ6dsEdpqr+pYkHsXtbl/B9RB4bp4ax9H","baseKeyType":2,"closed":-1,"used":1683069323052,"created":1683069323052,"remoteIdentityKey":"BaNrXXtIBN1aXCm6gV1wVLLfftshTGyNlWKHrxQM8VRB"},"_chains":{"BbSmEt8FDCylKe7N/dUGgFv+KSBg+pVfwlEVMjm5z/c0":{"chainKey":{"counter":0,"key":"l78n9VUi3/Qy2RhrE//civVdgP1t7gQPrn4emekxHgM="},"chainType":2,"messageKeys":{}},"BYCDJGiXjBkQWLlKQhrFBM1vfo0xc3tg9G+cNC9ULCRx":{"chainKey":{"counter":-1,"key":"y653mKy6G4Hqbf9m4shXj7h5RST8I+pegfyo8wKUrDI="},"chainType":1,"messageKeys":{}}}}},"version":"v1"}