{"_sessions":{"BUzDqSLTK+coGRF5MEskrLJzrbH1XmbIb50q0825Li0v":{"registrationId":2032504520,"currentRatchet":{"ephemeralKeyPair":{"pubKey":"BTs51j1mmIrzcQ9QOqUq5hM6J8uR8hqYr4eOwDpAWBM5","privKey":"2OqYKdeGt4kX+B8exGkdKleRqB1sbON86RFQpMVBGk8="},"lastRemoteEphemeralKey":"BcBU0bHv1v9szgrgOgBVgNO1fCQdjq3/6JnPzD9/3oMK","previousCounter":0,"rootKey":"V5eyh6Ei2OiwnEYwCULJaJbQR0Mif97/OnQKywvyTLI="},"indexInfo":{"baseKey":"BUzDqSLTK+coGRF5MEskrLJzrbH1XmbIb50q0825Li0v","baseKeyType":2,"closed":-1,"used":1683072568289,"created":1683072568289,"remoteIdentityKey":"BfCTbOfQn8NVeB06MI9CzdUYb7RZEUumhfRojTpdRqFC"},"_chains":{"BcBU0bHv1v9szgrgOgBVgNO1fCQdjq3/6JnPzD9/3oMK":{"chainKey":{"counter":1,"key":"mHK8MO4PZSxO7BBr4BSNjT9GuWizyAigO5aIEyA6M3Y="},"chainType":2,"messageKeys":{}},"BTs51j1mmIrzcQ9QOqUq5hM6J8uR8hqYr4eOwDpAWBM5":{"chainKey":{"counter":-1,"key":"qNuaBS3gn0McmGCIzeJX32bey93vEkg9q1ZVwTBs5Tc="},"chainType":1,"messageKeys":{}}}}},"version":"v1"}