{"_sessions":{"BY6ZMi5G/9ibS57Bc/wEvP7VN1MRj76yMAbN/FTtKQ0D":{"registrationId":374954777,"currentRatchet":{"ephemeralKeyPair":{"pubKey":"Be0gvfH/XZmyjUZA4Wct2+4cCi2pGTiZjFKgAxh9ykNc","privKey":"+OtU4eep7miipTKdg8jzyCmt1egg65y7L5EUeV0VxkE="},"lastRemoteEphemeralKey":"BYzpBQp+2F1lKrWMIxOc5snZaYrO22v+8V80rxahmtB9","previousCounter":0,"rootKey":"UyDoydOv/jvrJFTtwQY3BuQ8BTJnH6K2U4203kMCiws="},"indexInfo":{"baseKey":"BY6ZMi5G/9ibS57Bc/wEvP7VN1MRj76yMAbN/FTtKQ0D","baseKeyType":2,"closed":-1,"used":1683073344772,"created":1683073344772,"remoteIdentityKey":"BUl2MzFsCpttXOgL9sg/6rPjJBRgh1RkEsTIug1dJaBi"},"_chains":{"BYzpBQp+2F1lKrWMIxOc5snZaYrO22v+8V80rxahmtB9":{"chainKey":{"counter":2,"key":"RSt3NcwL7OtStBJxx7mHnE4EgYXbpwZfdOaErqnE/WE="},"chainType":2,"messageKeys":{}},"Be0gvfH/XZmyjUZA4Wct2+4cCi2pGTiZjFKgAxh9ykNc":{"chainKey":{"counter":-1,"key":"r9/Puw/5gBJyKQUMtRnE0cnVq2K+xsnV27S6oJd6vIo="},"chainType":1,"messageKeys":{}}}}},"version":"v1"}