{"_sessions":{"BbieeET+JUP6Wgsu5ITd+0dZEVGf1atTa4rUsXUpqOFM":{"registrationId":1208501027,"currentRatchet":{"ephemeralKeyPair":{"pubKey":"BayaOGu+rgpsaaaljP8UYUOZhCeY7MhARssiNbIuKH89","privKey":"OCHhjkrTJtrocQgFEo/T/Lc7J9ZwuIXB3d4cVpTVE1g="},"lastRemoteEphemeralKey":"BV7vq9gpC0lMGiaMJqb2GuRt6ynPEEVHuyonj+EN15JZ","previousCounter":0,"rootKey":"rU89OFNtMa+xpTMF4OXedjB2z7C0tR9I1y6xBz7fAyI="},"indexInfo":{"baseKey":"BbieeET+JUP6Wgsu5ITd+0dZEVGf1atTa4rUsXUpqOFM","baseKeyType":2,"closed":-1,"used":1683072537116,"created":1683072537116,"remoteIdentityKey":"BTwjuulqTkKKMd7l1s/SqI5HbfPOERlj3694SVckIx4q"},"_chains":{"BV7vq9gpC0lMGiaMJqb2GuRt6ynPEEVHuyonj+EN15JZ":{"chainKey":{"counter":2,"key":"Dmh/jXHulKMPSV0XccXOrDTqRxWSMRbWzs0L01xFjK4="},"chainType":2,"messageKeys":{}},"BayaOGu+rgpsaaaljP8UYUOZhCeY7MhARssiNbIuKH89":{"chainKey":{"counter":-1,"key":"paaEl2fo80uUlx5R3WCqBUdK6/q77ol3D0/mJte5TOE="},"chainType":1,"messageKeys":{}}}}},"version":"v1"}