{"_sessions":{"BSw6kiI+fzVI1N8D3Jf/d/Pq/BLHXyB/L9aAhcNUuIkx":{"registrationId":1033503811,"currentRatchet":{"ephemeralKeyPair":{"pubKey":"BdSD8Dj/dqZkdGO7nUir3ZQwdLrHO4/lGyGPmjTDoj5M","privKey":"iKrHWDNWNNo/NvITQQ7gz7+gI8dk4bCLTsNWIfbgRFU="},"lastRemoteEphemeralKey":"BTm2CB56mHkwdq41VVV7JHD/zjqEzhgdQ97UvjhyyS95","previousCounter":0,"rootKey":"MUJ2Q2O3z63EndlIfaesvq+NamTP6s+QL3Gilwqu7r4="},"indexInfo":{"baseKey":"BSw6kiI+fzVI1N8D3Jf/d/Pq/BLHXyB/L9aAhcNUuIkx","baseKeyType":2,"closed":-1,"used":1683072557820,"created":1683072557820,"remoteIdentityKey":"BQY89derXSV4t8751OmrC5TUrJ1S+/vX1Alu2rYyn2Ur"},"_chains":{"BTm2CB56mHkwdq41VVV7JHD/zjqEzhgdQ97UvjhyyS95":{"chainKey":{"counter":0,"key":"Nama2vwP3PcGQwCk8+KHVb/iyjM8xk4OOb87eS465/4="},"chainType":2,"messageKeys":{}},"BdSD8Dj/dqZkdGO7nUir3ZQwdLrHO4/lGyGPmjTDoj5M":{"chainKey":{"counter":-1,"key":"djrJTNUvewZt/iuEGyQWVk8PH6xDiTYmPu4c5U2dQSM="},"chainType":1,"messageKeys":{}}}}},"version":"v1"}