{"_sessions":{"BaNzNJS0GkwtwVtswjX8IBejENdlGasknjlk0pwFQb0e":{"registrationId":1985114400,"currentRatchet":{"ephemeralKeyPair":{"pubKey":"BcljBG1bepmCy+A28u7UxaoZPIV7GReeFbS9DXxOLlgZ","privKey":"kKkoAUb0DwR55Fq3rLuyWWJf8a6aXPAm/3Tmj/D78lc="},"lastRemoteEphemeralKey":"BVVMU0CfkIjR+daeNlZlKXAicl4jtgGDGeXB4W05eK1x","previousCounter":0,"rootKey":"AOvQ79eS70N8nxjGl/aly43aekpWxXOVyDTVZXKtUdo="},"indexInfo":{"baseKey":"BaNzNJS0GkwtwVtswjX8IBejENdlGasknjlk0pwFQb0e","baseKeyType":2,"closed":-1,"used":1683073385816,"created":1683073385816,"remoteIdentityKey":"BQaL6YhYUunAOMmGnQtbqPDPd26xciKnc5IvVX2XC9Ng"},"_chains":{"BVVMU0CfkIjR+daeNlZlKXAicl4jtgGDGeXB4W05eK1x":{"chainKey":{"counter":0,"key":"kVp7ZcUsE+FaXf/C1Pa7y2UmH8Ch7XbK3R1M7RjHbGA="},"chainType":2,"messageKeys":{}},"BcljBG1bepmCy+A28u7UxaoZPIV7GReeFbS9DXxOLlgZ":{"chainKey":{"counter":-1,"key":"kmN0Ye63sfIyJXJAm2WY0BfpWddqyXNJVAv+fDc4lRI="},"chainType":1,"messageKeys":{}}}}},"version":"v1"}