{"_sessions":{"BdRTzeTFUvPNphm4dw4kr6cq1ufRrGNmGs6aLYq5hHpY":{"registrationId":1511361558,"currentRatchet":{"ephemeralKeyPair":{"pubKey":"BRcwZ5DKov3EfX0RW/JyWQzONLv37wlIdZaN0fZW1isI","privKey":"yJxpuP5QRgaXYLO2SeokxfatUpggaqPrhpBh66pB6Gs="},"lastRemoteEphemeralKey":"BY8atDjjDZZPCClvBBmqCU8BWbe95jpbB/aRAPDNBIQG","previousCounter":0,"rootKey":"zuHcAZOo87zRT3sicsLrGjDEV6pIkuTbrrawb0+IUUw="},"indexInfo":{"baseKey":"BdRTzeTFUvPNphm4dw4kr6cq1ufRrGNmGs6aLYq5hHpY","baseKeyType":2,"closed":-1,"used":1683072549482,"created":1683072549482,"remoteIdentityKey":"BfjdBIab8yLIA86ssxB0jH8Bug6GmIR1IDbtI5GQEl4t"},"_chains":{"BY8atDjjDZZPCClvBBmqCU8BWbe95jpbB/aRAPDNBIQG":{"chainKey":{"counter":2,"key":"09tXWTslf4s1YH27ed/GrXqtixT9qrNOBtKWi8zKfEo="},"chainType":2,"messageKeys":{}},"BRcwZ5DKov3EfX0RW/JyWQzONLv37wlIdZaN0fZW1isI":{"chainKey":{"counter":-1,"key":"XVAOyvzaYtVY2dZOJtZvl8TDqrjp+tLzhL8F3a83GlI="},"chainType":1,"messageKeys":{}}}}},"version":"v1"}