{"_sessions":{"BebNQ5/tM/aPbpyjMDmYf/DhU1e7Zo7jmd8Er3XTNJ4V":{"registrationId":1723871893,"currentRatchet":{"ephemeralKeyPair":{"pubKey":"BYGLzoNmQF37fQIV4ymPzg7kaGcx2mO3IdqLFsEnnno7","privKey":"kACBdv/dX9NNN0Dj9SuBr0VnbLYEkjX5qj2C/puEF1E="},"lastRemoteEphemeralKey":"BU3yQXxOWlxm478rhDUhcncwubJOCAMTvPuKd0vk5oNX","previousCounter":0,"rootKey":"lApH5XW+2pjgG7ZiDrArs3pUTmMtR0EjLVWJ3ZUqWYQ="},"indexInfo":{"baseKey":"BebNQ5/tM/aPbpyjMDmYf/DhU1e7Zo7jmd8Er3XTNJ4V","baseKeyType":2,"closed":-1,"used":1683072552669,"created":1683072552669,"remoteIdentityKey":"BRf48B/6/jx2WKntPH2/Mh9apv/D7Em+HSEW3ISZe/hn"},"_chains":{"BU3yQXxOWlxm478rhDUhcncwubJOCAMTvPuKd0vk5oNX":{"chainKey":{"counter":0,"key":"CzCyT2SQU0CqNCiXd5Mug3lfu3jElj3epfBMe+Uw37g="},"chainType":2,"messageKeys":{}},"BYGLzoNmQF37fQIV4ymPzg7kaGcx2mO3IdqLFsEnnno7":{"chainKey":{"counter":-1,"key":"j5bsq9dS4dpI8cDyDb+evZl695OPCvPupVxdclvmCPI="},"chainType":1,"messageKeys":{}}}}},"version":"v1"}