{"_sessions":{"BUKr3I9H1aq1yn6cJxzL/eDJrfaqbWmXResyFULWYpd5":{"registrationId":1272113064,"currentRatchet":{"ephemeralKeyPair":{"pubKey":"BY9tcw11BavjgRXCZv7OAXGJlkyaq2rmpYvJpE7Xs1hq","privKey":"aJKEaiCmarrUWG96XrzSta5eIutBjmBCEvilE9ysZEQ="},"lastRemoteEphemeralKey":"BXmZlqe0mdv032jb8nsis3SfTeWi9nfETNOPuv/8HFxW","previousCounter":0,"rootKey":"57Yo9jX7nQGY0IOIXGwPT5Pp5lCphVFHuYVKwXf4A2w="},"indexInfo":{"baseKey":"BUKr3I9H1aq1yn6cJxzL/eDJrfaqbWmXResyFULWYpd5","baseKeyType":2,"closed":-1,"used":1683072564055,"created":1683072564055,"remoteIdentityKey":"BWnvcfFmC2mZfrJ944kwCTUVk8kd1VTY/Fe81f01e9h1"},"_chains":{"BXmZlqe0mdv032jb8nsis3SfTeWi9nfETNOPuv/8HFxW":{"chainKey":{"counter":0,"key":"KXF5kRaE4G10QpCYhh5ofjVBDjfm0loDceuWGHV5zg4="},"chainType":2,"messageKeys":{}},"BY9tcw11BavjgRXCZv7OAXGJlkyaq2rmpYvJpE7Xs1hq":{"chainKey":{"counter":-1,"key":"OygyIgba6jtd3c5XreNUHCH98oyjg5PVJym17saMVzk="},"chainType":1,"messageKeys":{}}}}},"version":"v1"}