{"_sessions":{"BVaC5YpXBgaTFewksavW0T+3seMnbDulENLWRjhWMFNO":{"registrationId":1168686237,"currentRatchet":{"ephemeralKeyPair":{"pubKey":"BTlm0Ss2P/IbASMbQ8Pr2paachG9n1apNn5t9Za8x2d2","privKey":"wOxoDCzoyKJqF0NSenDxCCorzJxrramH7aEkMAIKI18="},"lastRemoteEphemeralKey":"BXUhV/Op/2GETEU+hmy1B4AFkdkay09HGZWx+saEaxVe","previousCounter":0,"rootKey":"4/7wYDSiPvS2VRDS3no1+uv5h53osM/0BLtY1aoW2Mk="},"indexInfo":{"baseKey":"BVaC5YpXBgaTFewksavW0T+3seMnbDulENLWRjhWMFNO","baseKeyType":2,"closed":-1,"used":1683072549158,"created":1683072549158,"remoteIdentityKey":"Beizu+LNIeDQH20DEjrzSi/lQ+wLz0ay5zO2mLQ3z3Am"},"_chains":{"BXUhV/Op/2GETEU+hmy1B4AFkdkay09HGZWx+saEaxVe":{"chainKey":{"counter":0,"key":"Zjo9tOZoWRtfKchp+3qjSl0q+FFWnE8iyTQ3FopIu5E="},"chainType":2,"messageKeys":{}},"BTlm0Ss2P/IbASMbQ8Pr2paachG9n1apNn5t9Za8x2d2":{"chainKey":{"counter":-1,"key":"Z2pzwTAXWURiWylI+pTj1dH96Y5JaZjjSz3rzDxGzWA="},"chainType":1,"messageKeys":{}}}}},"version":"v1"}