{"_sessions":{"BSqfbVCobH7r8d5yWqZG7sb9ES+yV7AWDEEM+stybfEC":{"registrationId":756243491,"currentRatchet":{"ephemeralKeyPair":{"pubKey":"Bc/KusMGBiBf5TJ7Y7N1ZVgUkHEc1gEl3UeP3jr6BmVD","privKey":"AKXNEotfAp+/lshZa0xV3NzhFaKkuep3Q3HrP/Njt2s="},"lastRemoteEphemeralKey":"BUgGYHe+7ezrPvbRBDrKSUoOaYz1UPsE3aANlNWECONi","previousCounter":0,"rootKey":"ZTNlFPFLKmP72CJDSAmHIAyVf9W+Yzcc0rCtcnTfEgI="},"indexInfo":{"baseKey":"BSqfbVCobH7r8d5yWqZG7sb9ES+yV7AWDEEM+stybfEC","baseKeyType":2,"closed":-1,"used":1683072547573,"created":1683072547573,"remoteIdentityKey":"BQv8MbcEpcBkFRl1LMAhjgpFBxInSpFqodASnz/mNygA"},"_chains":{"BUgGYHe+7ezrPvbRBDrKSUoOaYz1UPsE3aANlNWECONi":{"chainKey":{"counter":0,"key":"pL/+ArM3MB7nBb+pHpiba6h5tO6rpCIprZOVSRaiF+Q="},"chainType":2,"messageKeys":{}},"Bc/KusMGBiBf5TJ7Y7N1ZVgUkHEc1gEl3UeP3jr6BmVD":{"chainKey":{"counter":-1,"key":"8xfdVkMkB2Jf31w9Tjxyet/cmrODZQ/3uzNe297Jt9w="},"chainType":1,"messageKeys":{}}}}},"version":"v1"}