{"_sessions":{"BQycuImfXo4sjQQHJUX2e33zRGxCjkI3MGFhnAUShhkh":{"registrationId":495720395,"currentRatchet":{"ephemeralKeyPair":{"pubKey":"Besj9iZGpwBRUz4TTHKX4MMmE61qTeySbV2QenrW7VEu","privKey":"sC5qvuNY7UKkPo5rwSfANemdlt/l8JNm/c7zrEJSYnk="},"lastRemoteEphemeralKey":"BWRlaRJRhPh3APaMLWR+Y16s9EjVc1qi7wRQ8XFKOx13","previousCounter":0,"rootKey":"vpTIxXxAXDcHOqwFlNshazXR7t9R8U1UdjyO65nhoIU="},"indexInfo":{"baseKey":"BQycuImfXo4sjQQHJUX2e33zRGxCjkI3MGFhnAUShhkh","baseKeyType":2,"closed":-1,"used":1683072553377,"created":1683072553377,"remoteIdentityKey":"BYrdLIlDUXyv2mHXvwL3YPrLxCPUrcVZf7goiKMf4d4B"},"_chains":{"BWRlaRJRhPh3APaMLWR+Y16s9EjVc1qi7wRQ8XFKOx13":{"chainKey":{"counter":0,"key":"Ki/Bmc6iHTmmqxMrw7KC4/RZ8klfDv2cetLlw0WodgY="},"chainType":2,"messageKeys":{}},"Besj9iZGpwBRUz4TTHKX4MMmE61qTeySbV2QenrW7VEu":{"chainKey":{"counter":-1,"key":"Jt6G1TcPAyG+Cgsrrm3kI7P/9eMe1Bq+AO40bKCXDok="},"chainType":1,"messageKeys":{}}}}},"version":"v1"}