{"_sessions":{"BR/CRXW6s1HoScmgHRc+KynS22ZuKVnj+M9YkxvHAzkV":{"registrationId":1197211880,"currentRatchet":{"ephemeralKeyPair":{"pubKey":"BWSUXuuoIrLSPsTInet2f82QYTAc75dgRLD9hqBKXocS","privKey":"6F+gJDf0LQ8nvo5IsYz3RYenqIH+sFwViKzgE1qSYms="},"lastRemoteEphemeralKey":"BSBhk0jCN8hpFegl7lvu9Q2G9z0Xqq60Srx5rfUnR01i","previousCounter":0,"rootKey":"R8PJ/qnuCgeIaFoAK8npaCWTA2IrOAA8eb/zKYJiKfA="},"indexInfo":{"baseKey":"BR/CRXW6s1HoScmgHRc+KynS22ZuKVnj+M9YkxvHAzkV","baseKeyType":2,"closed":-1,"used":1683072547746,"created":1683072547746,"remoteIdentityKey":"BXW8qZCnIUi58eGM3PtlncsPirLKQAjA0lW3/IqmKMUK"},"_chains":{"BSBhk0jCN8hpFegl7lvu9Q2G9z0Xqq60Srx5rfUnR01i":{"chainKey":{"counter":0,"key":"utRmXZApiiMAsD2i46ZlBIDbukFOq51QpwqK5v6sngc="},"chainType":2,"messageKeys":{}},"BWSUXuuoIrLSPsTInet2f82QYTAc75dgRLD9hqBKXocS":{"chainKey":{"counter":-1,"key":"7/187xSG32L03OUsZDA4AUkfsqWGvxevBJw23TLT4Lo="},"chainType":1,"messageKeys":{}}}}},"version":"v1"}