{"_sessions":{"BY1iqidxPuTZg7WCMiMvGxbv1KgFXgyil+4d9clAYsZb":{"registrationId":681912390,"currentRatchet":{"ephemeralKeyPair":{"pubKey":"BXN5I5ayVcnckO9n+4ok4QzN8qxyXUwVGjNILrRX+hEp","privKey":"+KBZin+Jm/TXb29jnyArONkm5rYGXDgHlA0xots/vGE="},"lastRemoteEphemeralKey":"BcTC2759RUSqgqOwITbtqq6qO3BMlYHrvOrMj3JHb69C","previousCounter":0,"rootKey":"cBIidzAI4Xqo0Cqnb8FLGhhgivPQy+Bz+A60m4B6rQs="},"indexInfo":{"baseKey":"BY1iqidxPuTZg7WCMiMvGxbv1KgFXgyil+4d9clAYsZb","baseKeyType":2,"closed":-1,"used":1683072553994,"created":1683072553994,"remoteIdentityKey":"BWrmph6C2DAP/UHGb5piWViQXWYvBT9TEdZilDEvOEt8"},"_chains":{"BcTC2759RUSqgqOwITbtqq6qO3BMlYHrvOrMj3JHb69C":{"chainKey":{"counter":0,"key":"56t63AzBzfLw7kJzRPqYNDnSM9vmvQYdon8RLa1Q2BE="},"chainType":2,"messageKeys":{}},"BXN5I5ayVcnckO9n+4ok4QzN8qxyXUwVGjNILrRX+hEp":{"chainKey":{"counter":-1,"key":"SyURg4C0laNqLqyLOHxCqWuhjscWdxsox5ioEAMwFkw="},"chainType":1,"messageKeys":{}}}}},"version":"v1"}