{"_sessions":{"BdwzW80tAYSRMnK77ygHIVVP16CZOnqDKNBTQjph4vh2":{"registrationId":54677876,"currentRatchet":{"ephemeralKeyPair":{"pubKey":"BRYWj0thsCcOomv07YVIEcVvcpJg6gkBzDxMSx9XthZO","privKey":"2BX2E4mcLimeIqrte1Cske8UsnA98/WDlsMwCoijPks="},"lastRemoteEphemeralKey":"BSdOLZ35bTO5f7wTKKcC6OwV6EMZo2rbiv1r+OQLyNkX","previousCounter":0,"rootKey":"B/vJlwyPHKcZodDrghjiZu8+DrnshUxEYACOY5SLeNk="},"indexInfo":{"baseKey":"BdwzW80tAYSRMnK77ygHIVVP16CZOnqDKNBTQjph4vh2","baseKeyType":2,"closed":-1,"used":1683072541167,"created":1683072541167,"remoteIdentityKey":"BdferXciBAUXHWDrrrx6CEA10gWC7o82Tpmd1OL3BREN"},"_chains":{"BSdOLZ35bTO5f7wTKKcC6OwV6EMZo2rbiv1r+OQLyNkX":{"chainKey":{"counter":0,"key":"sjPC1VVaqk3a6uRxbNzuxBqn5HMVHDmzkTLDyfJo6Jw="},"chainType":2,"messageKeys":{}},"BRYWj0thsCcOomv07YVIEcVvcpJg6gkBzDxMSx9XthZO":{"chainKey":{"counter":-1,"key":"SU8w/T3CY7IbrLU51uSMPlQ+Jgn3RzNk9FpvvXkLuDw="},"chainType":1,"messageKeys":{}}}}},"version":"v1"}