{"_sessions":{"BSriBfFOiWaOSdTgqO7q6EgvaIr0ZDFBIp3M7zfbDJg5":{"registrationId":962664110,"currentRatchet":{"ephemeralKeyPair":{"pubKey":"BU8oT5d4AjMM1OV4Kc3L5vyTZz4BDnVglqeCIIyRAFwV","privKey":"aBL75HMDMsuQbHY3wMnihEbTCTe9eZ8lcEQJgSQNoWg="},"lastRemoteEphemeralKey":"BSjuVn6GnNahlAGkSpG2+O9EjLr2yLrlUB4d5JOLD1Nk","previousCounter":0,"rootKey":"LOv9xG+OKa9/itKYTEKc4/BrasHhMhahxeVIdjsHUgQ="},"indexInfo":{"baseKey":"BSriBfFOiWaOSdTgqO7q6EgvaIr0ZDFBIp3M7zfbDJg5","baseKeyType":2,"closed":-1,"used":1683073038962,"created":1683073038962,"remoteIdentityKey":"BR6Syi3FaUsDDzhRPA25g9Ap9MU1keNks2j1ejf1ET9C"},"_chains":{"BSjuVn6GnNahlAGkSpG2+O9EjLr2yLrlUB4d5JOLD1Nk":{"chainKey":{"counter":0,"key":"6JP9vd/GfC3g7GHyRQpvy7qG1RJJ2V/zxpgT6/5U5qc="},"chainType":2,"messageKeys":{}},"BU8oT5d4AjMM1OV4Kc3L5vyTZz4BDnVglqeCIIyRAFwV":{"chainKey":{"counter":-1,"key":"ei+UGqSOhEIWejBl0hELw6rgHmU4bn8h8DdCiRfOnT4="},"chainType":1,"messageKeys":{}}}}},"version":"v1"}