{"_sessions":{"BRh9SW9pjE2KtXWe4HpxPBwkSdOKA1qtp7XDMGezaPFc":{"registrationId":146911593,"currentRatchet":{"ephemeralKeyPair":{"pubKey":"Be8ZzUJjCCj4z9idBtyXdY5rel8hqGKuYiObxUIgq5MX","privKey":"uIo9VFbjO1ebvLwelpBUHfHkgoM75fy8ucA+obcshXk="},"lastRemoteEphemeralKey":"BbVWTYOP+YnUOmhD8y2UBaqRgauqABhYfr/xq2sBX8J7","previousCounter":0,"rootKey":"WtpYUU5Uj4sZKrQTzBi4e+LEdIImPtRXAmuWcU0dqdo="},"indexInfo":{"baseKey":"BRh9SW9pjE2KtXWe4HpxPBwkSdOKA1qtp7XDMGezaPFc","baseKeyType":2,"closed":-1,"used":1683072548282,"created":1683072548282,"remoteIdentityKey":"BTXLkx+ny6PD1KGMaENC1MphoeuHc9wro9fILFWETjZ/"},"_chains":{"BbVWTYOP+YnUOmhD8y2UBaqRgauqABhYfr/xq2sBX8J7":{"chainKey":{"counter":0,"key":"xxoBVFij9jNvzZocA/oEWw6MotfqrGfwiMq38hpLfDU="},"chainType":2,"messageKeys":{}},"Be8ZzUJjCCj4z9idBtyXdY5rel8hqGKuYiObxUIgq5MX":{"chainKey":{"counter":-1,"key":"BM372G+CDdNcSXrsKmuTWSJQjTFY84tWsaTh6HwcsdU="},"chainType":1,"messageKeys":{}}}}},"version":"v1"}