{"_sessions":{"BYggiz7MwIInyWSJX9v3SsaS/hGgLCL8pzMSu1Mw2rAD":{"registrationId":1852054516,"currentRatchet":{"ephemeralKeyPair":{"pubKey":"BTjGZ3v0TFJENq+zStCIO/ZuLQgmdpTttMHDxcOvYqlY","privKey":"4P/Idd1w0T8cda7pOIn0f4mysjBe80BXoEZNtiW6ykU="},"lastRemoteEphemeralKey":"BYhrMFwFSlDglHtgqlkKui5WHs3NsLg1mO/O1TQt+gAO","previousCounter":0,"rootKey":"yKtkMgls6s4MOFK7v9+HfogAAi0LwKgoIeM2D7h/7hE="},"indexInfo":{"baseKey":"BYggiz7MwIInyWSJX9v3SsaS/hGgLCL8pzMSu1Mw2rAD","baseKeyType":2,"closed":-1,"used":1683072554420,"created":1683072554420,"remoteIdentityKey":"BYgZG1kmDXD5T0wTfD2C3pM2YH10wV4RACPCkhwDcvRQ"},"_chains":{"BYhrMFwFSlDglHtgqlkKui5WHs3NsLg1mO/O1TQt+gAO":{"chainKey":{"counter":0,"key":"gFNh5onEauDP/QdNVQb1pcrv1J6yRm3TAKCRRezzcGU="},"chainType":2,"messageKeys":{}},"BTjGZ3v0TFJENq+zStCIO/ZuLQgmdpTttMHDxcOvYqlY":{"chainKey":{"counter":-1,"key":"cm/ucf90/kk/7Z3WLefLd437Xfz397ZP964Mp/2nCVc="},"chainType":1,"messageKeys":{}}}}},"version":"v1"}