{"_sessions":{"Beh53mlc3hmuJunTCaO5CKCroW0QdDw2K2RAujljKDgU":{"registrationId":59787922,"currentRatchet":{"ephemeralKeyPair":{"pubKey":"BQGM4bmickF8nsc3XOJjSC879iKCaY+BOweExm51++MP","privKey":"QJHWA4ZPIwVusg8BJOvO9ckwumJ1deKlPS9ebeqa1Hs="},"lastRemoteEphemeralKey":"BWO7wZktHaysL/+STbi9KiuvtRbcnkrk+gZEtyadLyxF","previousCounter":0,"rootKey":"bcZvzBpMhsDF1OxKZDEPv+4gagqkHbVEeEnMP+rpOQE="},"indexInfo":{"baseKey":"Beh53mlc3hmuJunTCaO5CKCroW0QdDw2K2RAujljKDgU","baseKeyType":2,"closed":-1,"used":1683072553090,"created":1683072553090,"remoteIdentityKey":"BYy8iPpPTnaP5V7qezizVLd16OX7+CkkXTCW1LhPkSsG"},"_chains":{"BWO7wZktHaysL/+STbi9KiuvtRbcnkrk+gZEtyadLyxF":{"chainKey":{"counter":0,"key":"GbEZf/8SW+47gfSv28g1FwSEjjrVZFbtNrezEk3zfpU="},"chainType":2,"messageKeys":{}},"BQGM4bmickF8nsc3XOJjSC879iKCaY+BOweExm51++MP":{"chainKey":{"counter":-1,"key":"2TZ0/NsEyiHimLuMCMC78w7tA7SbCgS84n1gTuyVSnI="},"chainType":1,"messageKeys":{}}}}},"version":"v1"}