{"_sessions":{"BQbGMFl/OrBDc5TjUdQ4POs+kHLJO3d93TzOwtI2XUZI":{"registrationId":53501484,"currentRatchet":{"ephemeralKeyPair":{"pubKey":"Bdp1gcgdj70uPBWWRIvS1Uuv7ml+xt2d1tlUXXTRWvJd","privKey":"+Btpm94n+7uIx4/mHeWp2r70M4y/LBd4s8edoII1akg="},"lastRemoteEphemeralKey":"BWco5zR7GtMnJ3eTZfFDksi4yuUHgAi4URqJjp4cANlA","previousCounter":0,"rootKey":"So7Yh1X8CsJ++zQt+X97k+TiBI5ffi4EMKiHyPdzN4s="},"indexInfo":{"baseKey":"BQbGMFl/OrBDc5TjUdQ4POs+kHLJO3d93TzOwtI2XUZI","baseKeyType":2,"closed":-1,"used":1683072555468,"created":1683072555468,"remoteIdentityKey":"BX6swQ3IipZuJ1EzUpi4flQgAtNhSlJX4KKQ6Ut3h9p/"},"_chains":{"BWco5zR7GtMnJ3eTZfFDksi4yuUHgAi4URqJjp4cANlA":{"chainKey":{"counter":0,"key":"hj5aa4z9uhKmmubthgcqB0crbOpek7xvHFrZKqGJOJw="},"chainType":2,"messageKeys":{}},"Bdp1gcgdj70uPBWWRIvS1Uuv7ml+xt2d1tlUXXTRWvJd":{"chainKey":{"counter":-1,"key":"80Z60dkhTctpEVCMyF26K6zjrZNCk1COTBgi4sFoBcA="},"chainType":1,"messageKeys":{}}}}},"version":"v1"}