{"_sessions":{"BarJC3YzyGahw9GM6sqjtxy7HQSoRHAQeYKWVLUzKXhr":{"registrationId":1140562747,"currentRatchet":{"ephemeralKeyPair":{"pubKey":"BYf9Y1i72nNKrfm6oL6XpfgBo+B0716NQNRhlE1KNnYe","privKey":"kJ0b/xri2ijiivKzxvhstrey0d0iILYOajY9kdD1Ql4="},"lastRemoteEphemeralKey":"BUT300Yn4odmpUxHa9Y+qKoIBkNPsmQWH/Wmu6tiPugX","previousCounter":0,"rootKey":"8iro8ofjvCERj96l9p5vD77QLygv8nPZpmfB8vp4AxQ="},"indexInfo":{"baseKey":"BarJC3YzyGahw9GM6sqjtxy7HQSoRHAQeYKWVLUzKXhr","baseKeyType":2,"closed":-1,"used":1683069283582,"created":1683069283582,"remoteIdentityKey":"BRdvKKKLTy/EI8pk9tmvnswFSxEq6pBD+CwTVNRB8zkg"},"_chains":{"BUT300Yn4odmpUxHa9Y+qKoIBkNPsmQWH/Wmu6tiPugX":{"chainKey":{"counter":0,"key":"Zdb0PCJ9dU+ol2Q2ndJf+W3h7kNkVB5URUMcxYeH0hI="},"chainType":2,"messageKeys":{}},"BYf9Y1i72nNKrfm6oL6XpfgBo+B0716NQNRhlE1KNnYe":{"chainKey":{"counter":-1,"key":"AmCCIYLM4mXI69IXo33PneQ07kR+YpJ2ca9DCtJuJrA="},"chainType":1,"messageKeys":{}}}}},"version":"v1"}