{"_sessions":{"BacZtl5AqSMPYLRpKwLw8GJi9yLyE47glr3tYTJ6yDIq":{"registrationId":818329760,"currentRatchet":{"ephemeralKeyPair":{"pubKey":"BRbNhycMmbmQIckqxTx1g4q/a+8/qyRK96X2GzICGol/","privKey":"uMqpMQSHmg7WAcfDlLznZBVmOaXhKA0eeGRDk+iWnWs="},"lastRemoteEphemeralKey":"BW53RuBrFyRreYlW59MopY6v+hgEOqdKhSiOLza6uT1W","previousCounter":0,"rootKey":"hXq3Dhi9TNQCRJr9D2/RLZ4CZIZR7xBllT6wH46hBPw="},"indexInfo":{"baseKey":"BacZtl5AqSMPYLRpKwLw8GJi9yLyE47glr3tYTJ6yDIq","baseKeyType":2,"closed":-1,"used":1683072565274,"created":1683072565274,"remoteIdentityKey":"BTUlyc4ax9XjctQdSYomvOeIYETP/rYLLhBkJhNaT+N3"},"_chains":{"BW53RuBrFyRreYlW59MopY6v+hgEOqdKhSiOLza6uT1W":{"chainKey":{"counter":0,"key":"i2QLyAukMplW/ydvzhL0V9UOMxrWZ1OBXWWgwMf71q8="},"chainType":2,"messageKeys":{}},"BRbNhycMmbmQIckqxTx1g4q/a+8/qyRK96X2GzICGol/":{"chainKey":{"counter":-1,"key":"WCi33Q+qpOW5GUTFGJu5iqaeawolrpmD/KiVV3WrNfs="},"chainType":1,"messageKeys":{}}}}},"version":"v1"}