{"_sessions":{"BQlWFwnkC8BI8h2BNtUVUvR7U17fN1tLBHQK2e9Pf4F9":{"registrationId":396015130,"currentRatchet":{"ephemeralKeyPair":{"pubKey":"BV2Ndu/fXuEmKz/kqONPOHFNlctk9Q7m5M4biCI2X9sJ","privKey":"QHioyVSYIG906f3iMTgQ/TR7ixh2C3wZaT83cH4qZGo="},"lastRemoteEphemeralKey":"BW1llB/WWSbfVpvUplxnH3Yi122dERHMmMBm+PhoOjEs","previousCounter":0,"rootKey":"O2inM0r/Phb6T6pcGGlmvOPH+oxR1xlD53oALED7EOU="},"indexInfo":{"baseKey":"BQlWFwnkC8BI8h2BNtUVUvR7U17fN1tLBHQK2e9Pf4F9","baseKeyType":2,"closed":-1,"used":1683072559714,"created":1683072559714,"remoteIdentityKey":"BcAWtDH8MyQAXLzPbTx029qTcYbXrvaa4CZBE9JTfCVi"},"_chains":{"BW1llB/WWSbfVpvUplxnH3Yi122dERHMmMBm+PhoOjEs":{"chainKey":{"counter":0,"key":"pRVcuwgxuC0nu9BhzCrjm5IUtSE3g6sHhdhGjuDqFZ4="},"chainType":2,"messageKeys":{}},"BV2Ndu/fXuEmKz/kqONPOHFNlctk9Q7m5M4biCI2X9sJ":{"chainKey":{"counter":-1,"key":"MI4Jym4TNah2oNiffHW38uVLyu+5I1urukCUGPPk03U="},"chainType":1,"messageKeys":{}}}}},"version":"v1"}