{"_sessions":{"BZG9h+4pOeRdHdehR4WOETXYdCUGpCKGifSxVg8nqWQU":{"registrationId":2099207799,"currentRatchet":{"ephemeralKeyPair":{"pubKey":"BQWCfp1vF6yrVwovrJXPTpGnxjlGa7HmnTtjw+FpM+09","privKey":"YONf+BUTZXLHIA/WYLMoWcx0h29Cr44f+IN/wAYocGo="},"lastRemoteEphemeralKey":"BYUcGszmNaR15Cb+evbqKWLl+mOgk/7AT8pGTmY4rKUN","previousCounter":0,"rootKey":"FaX1/eEkEZK4lMWsvMCVemuI/IBJluAdbuh5UuidAKc="},"indexInfo":{"baseKey":"BZG9h+4pOeRdHdehR4WOETXYdCUGpCKGifSxVg8nqWQU","baseKeyType":2,"closed":-1,"used":1683072558021,"created":1683072558021,"remoteIdentityKey":"BdLzXVvh6Nf0//ivBB0D8NC0wIN6lwE7KlM28b2H0hYM"},"_chains":{"BYUcGszmNaR15Cb+evbqKWLl+mOgk/7AT8pGTmY4rKUN":{"chainKey":{"counter":0,"key":"7HkTX4tGuQzuotTvjGJ3Mx3p1Dr5InWAurn455/51e0="},"chainType":2,"messageKeys":{}},"BQWCfp1vF6yrVwovrJXPTpGnxjlGa7HmnTtjw+FpM+09":{"chainKey":{"counter":-1,"key":"l69r98fQQI0gVDXNEzn41it8oClp8ziNUCS34rZF1Fk="},"chainType":1,"messageKeys":{}}}}},"version":"v1"}