{"_sessions":{"BZIxo+LfiIBHffdsuCsrl+fKnz5QWqRo/cg5BnT8gEc4":{"registrationId":131376172,"currentRatchet":{"ephemeralKeyPair":{"pubKey":"BUGiCbMgQ4226agW+zmnqsoROql+QxZba6sUT6YWuA5K","privKey":"MFYYjnHAwRhKmuqwlwABZBkNimaGYNmHMklLbDsNv2U="},"lastRemoteEphemeralKey":"BRfEEXysS0PqMiMOlzEnIza5qUKAJck9GbZhCcdF9ogg","previousCounter":0,"rootKey":"PT+1czg0jE3dZDtcvGZa+PWtu6wM+/nqK9/R2dNi0e0="},"indexInfo":{"baseKey":"BZIxo+LfiIBHffdsuCsrl+fKnz5QWqRo/cg5BnT8gEc4","baseKeyType":2,"closed":-1,"used":1683072556233,"created":1683072556233,"remoteIdentityKey":"BY3SZPuD2p/NYmNHUvvx79iqGbxtKw0poHi/LBgJKStG"},"_chains":{"BRfEEXysS0PqMiMOlzEnIza5qUKAJck9GbZhCcdF9ogg":{"chainKey":{"counter":0,"key":"JA6EF41o+0HtcPw90701wjBGKa2J94jP/jPYcaEnVxU="},"chainType":2,"messageKeys":{}},"BUGiCbMgQ4226agW+zmnqsoROql+QxZba6sUT6YWuA5K":{"chainKey":{"counter":-1,"key":"eLl4zZZVrWQXiKJ66zSD/pMq4s3FSSFcMJA1ngOiS+M="},"chainType":1,"messageKeys":{}}}}},"version":"v1"}