{"_sessions":{"BbljFLDwXTzvvr/ZOSopR1ITqBUbKxiaiabFJCx5qjoY":{"registrationId":2131972090,"currentRatchet":{"ephemeralKeyPair":{"pubKey":"BU+CxHHdnbXu2X7X4L6R61ZcBPJ51whIqqDvLms2740C","privKey":"cPj655BPo++Ba5KJYxlJPZWWN7iHNc/La+TyThs5IUs="},"lastRemoteEphemeralKey":"BTsP5uz0IWBNi3Z0IuHdJGYDZJSIWaJQkMITjsTW8j91","previousCounter":0,"rootKey":"h7vTBCIeYGyuqiL9Yfi5BSJ+0sF4cBA4hoEVZyRrO3g="},"indexInfo":{"baseKey":"BbljFLDwXTzvvr/ZOSopR1ITqBUbKxiaiabFJCx5qjoY","baseKeyType":2,"closed":-1,"used":1683080077833,"created":1683080077833,"remoteIdentityKey":"Bbgp6WmQovxKvT4E3zRjFvBI3Akbdtev9NDRB1o8tN8K"},"_chains":{"BTsP5uz0IWBNi3Z0IuHdJGYDZJSIWaJQkMITjsTW8j91":{"chainKey":{"counter":0,"key":"tVUu6EoedIqs4U2seFXHr8r6sx8+OQwW8qggQhGDq8I="},"chainType":2,"messageKeys":{}},"BU+CxHHdnbXu2X7X4L6R61ZcBPJ51whIqqDvLms2740C":{"chainKey":{"counter":-1,"key":"JokVwUymGLBEPQvnQ7ewfd7uX80zlu/NW0mYJ/vLClM="},"chainType":1,"messageKeys":{}}}}},"version":"v1"}