{"_sessions":{"BVeyE9yEEUIwokw4lR1CwEZhdqFTPPJzms4LzIfcUl9Z":{"registrationId":711955400,"currentRatchet":{"ephemeralKeyPair":{"pubKey":"BacG91Vd7QKRsXDBeNhLb3C/7Mu52+O0VDq0cZSM3ntG","privKey":"iAy/qzfvaUechWGwD3A6zmNRTV8RYOKVkQxTmF/MWF4="},"lastRemoteEphemeralKey":"BVJ1j1K4Vb9ZrXQf5um+27U6Oh5sBbiCHZQt1xGOLjMw","previousCounter":0,"rootKey":"cmoYk0H0Gg6zxkO1XypY1IXZeQUmGiWC18FZDzIqSvU="},"indexInfo":{"baseKey":"BVeyE9yEEUIwokw4lR1CwEZhdqFTPPJzms4LzIfcUl9Z","baseKeyType":2,"closed":-1,"used":1683072560174,"created":1683072560174,"remoteIdentityKey":"BTTF7lORqNGAUFLoRKS41y/ecfH9G2g0FhHKByYseoUA"},"_chains":{"BVJ1j1K4Vb9ZrXQf5um+27U6Oh5sBbiCHZQt1xGOLjMw":{"chainKey":{"counter":0,"key":"D27oakR7Lylg/xDKMp1Q1MRs41GnzhHWtkmdGRnsFVQ="},"chainType":2,"messageKeys":{}},"BacG91Vd7QKRsXDBeNhLb3C/7Mu52+O0VDq0cZSM3ntG":{"chainKey":{"counter":-1,"key":"jPuUQ/tgTTeElV/oJ9EiFfOipuT7zkWMHiJHpG8Cl+U="},"chainType":1,"messageKeys":{}}}}},"version":"v1"}