{"_sessions":{"BWDyRGCA0A1Bevn3j1FiVH1mGzlFfWuIFgLHSBnk32JF":{"registrationId":1422276526,"currentRatchet":{"ephemeralKeyPair":{"pubKey":"BRFgcDwnrColJ9NJUBvp/LOnlc/YMOPaBCTMxb5xipQo","privKey":"YHZYoEH6RBI7co+or2fOJpglH8aKqKToiaq9SfWihlg="},"lastRemoteEphemeralKey":"BWDa49GdnaBTtOLGZtf/FDj+7FScSH+5eMiqwYfPrMx4","previousCounter":0,"rootKey":"apEXMcwMdz6qrqCdWz+Lu4nIA3e4LxUfq63vtAEE5pU="},"indexInfo":{"baseKey":"BWDyRGCA0A1Bevn3j1FiVH1mGzlFfWuIFgLHSBnk32JF","baseKeyType":2,"closed":-1,"used":1683072553719,"created":1683072553719,"remoteIdentityKey":"BXvvIDQ42mP1XUjJf3PPJEgy1LOpz2tgGeYHqCTu5edc"},"_chains":{"BWDa49GdnaBTtOLGZtf/FDj+7FScSH+5eMiqwYfPrMx4":{"chainKey":{"counter":0,"key":"YvyiG8CZK07ySgYwh/4LZ7/T6yRL2PatgnjBeF3rBKw="},"chainType":2,"messageKeys":{}},"BRFgcDwnrColJ9NJUBvp/LOnlc/YMOPaBCTMxb5xipQo":{"chainKey":{"counter":-1,"key":"ymdMwJuG0KvJacjSJ4epxuM+hKfrpFSRmMgrozb4fyQ="},"chainType":1,"messageKeys":{}}}}},"version":"v1"}