{"_sessions":{"BSvXwGlUSEjutyrgQFFzGemO9dzvEzrB1nS9Qjbg3KRL":{"registrationId":710278487,"currentRatchet":{"ephemeralKeyPair":{"pubKey":"BbD8xfdENUVJlSa5NWEHbO/u2IS1ZZLdt08+cLkNEE4O","privKey":"OPI0za+JazSalAZsMBnbXV8dn+SQovWPRspPmf4DrEw="},"lastRemoteEphemeralKey":"BRHxCa843wGfjoXUqhHbAtttjAGwpduWmFQbKu1C76cs","previousCounter":0,"rootKey":"3tIiW6CVecqRrOU+J/g5I5KAZZwvbunEQPEB0cvv8p4="},"indexInfo":{"baseKey":"BSvXwGlUSEjutyrgQFFzGemO9dzvEzrB1nS9Qjbg3KRL","baseKeyType":2,"closed":-1,"used":1683073767058,"created":1683073767058,"remoteIdentityKey":"Bathoqqqw2jOyTX2X1u9v5v8LlzzspToebdTCqTI/Nxl"},"_chains":{"BRHxCa843wGfjoXUqhHbAtttjAGwpduWmFQbKu1C76cs":{"chainKey":{"counter":1,"key":"Zy94D41eesDog7oa2TMsYxdalgTtN6BGytSzvINxRnk="},"chainType":2,"messageKeys":{"0":"bPHqM0GDZXSkFQIuEryghf5ILbvQpFSQWw88v6t2FvA="}},"BbD8xfdENUVJlSa5NWEHbO/u2IS1ZZLdt08+cLkNEE4O":{"chainKey":{"counter":-1,"key":"cTi1j9qk3B4n1RZVLkAM5emJxo1t6wtjZ6+0B+N553o="},"chainType":1,"messageKeys":{}}}}},"version":"v1"}