{"_sessions":{"BYAZMX8/ZFrw3SOKdQ7arBwl4+NsY92TYrDoYi0/XZN3":{"registrationId":1432847578,"currentRatchet":{"ephemeralKeyPair":{"pubKey":"BXPUBG0e1Gv31O6OqIWG35UXlPxf/YUB/FZXYmVsr79p","privKey":"ODp21nKXJGTN0qk1Ai8ORK+e7WVfieyyFNxQeUiSgGw="},"lastRemoteEphemeralKey":"BYalR9ixFD67f0y7jno/f783puuae+3HpTMEIu9ydMpw","previousCounter":0,"rootKey":"ORtNobdBnFCHiH13EqWMphKKmVJX1QFxtaEBQIayDDE="},"indexInfo":{"baseKey":"BYAZMX8/ZFrw3SOKdQ7arBwl4+NsY92TYrDoYi0/XZN3","baseKeyType":2,"closed":-1,"used":1683080071047,"created":1683080071047,"remoteIdentityKey":"BSogeJm1rOTscxRBSjMMxnBjXSW/Kjtt08xr/cxV21xZ"},"_chains":{"BYalR9ixFD67f0y7jno/f783puuae+3HpTMEIu9ydMpw":{"chainKey":{"counter":0,"key":"HVwQut2oEpcaPhs/pUefiCAoKQGKe8mvoUuzC1skosQ="},"chainType":2,"messageKeys":{}},"BXPUBG0e1Gv31O6OqIWG35UXlPxf/YUB/FZXYmVsr79p":{"chainKey":{"counter":-1,"key":"Jwm0RNgdfVQlFR5T0eroUbINZOsl5U0EPaRtf+riogc="},"chainType":1,"messageKeys":{}}}}},"version":"v1"}