{"_sessions":{"BXCIqEg6564wwmnSumGWxIU9ErDHLKpK+xQf6ss4yLoC":{"registrationId":1541082806,"currentRatchet":{"ephemeralKeyPair":{"pubKey":"BWDKNxsqs1sJY0w/nOem6aovterLSrBdrX8R6YtPZVUo","privKey":"CJqLOLkOt/5xV+4TYLhMJu1laLY9TaXn95D8b6KgXEc="},"lastRemoteEphemeralKey":"BbWALBGvwIhnCh49d04leIeKLvOx8FkO9FNg+n5W64IU","previousCounter":0,"rootKey":"LT0V2cPF9t/X6pt57vaDl9t4+nSidqIZr8360e1Tws8="},"indexInfo":{"baseKey":"BXCIqEg6564wwmnSumGWxIU9ErDHLKpK+xQf6ss4yLoC","baseKeyType":2,"closed":-1,"used":1683072561946,"created":1683072561946,"remoteIdentityKey":"Bew6qlaUK8VuWtd539rwuxytD2pqTxkg6cq0lDS14r5N"},"_chains":{"BbWALBGvwIhnCh49d04leIeKLvOx8FkO9FNg+n5W64IU":{"chainKey":{"counter":1,"key":"veON2cVblV/n12r+L+1Z5KFzJW7wznSaoI0P+j4EAi8="},"chainType":2,"messageKeys":{"0":"SNiX+0a9jQoSTUVEOsuvQrIsYW5fAGMIncoQkiARVos="}},"BWDKNxsqs1sJY0w/nOem6aovterLSrBdrX8R6YtPZVUo":{"chainKey":{"counter":-1,"key":"dn/+UhRU9XpiTLU9ULUfiiKk+HbL2uZDI5GN/v83KWw="},"chainType":1,"messageKeys":{}}}}},"version":"v1"}