{"_sessions":{"BVieqmt36EimXiXFGgbOgQOzKiZsF1rpl+G9fUvn2/1w":{"registrationId":805986705,"currentRatchet":{"ephemeralKeyPair":{"pubKey":"BccwA+RTfhXVNAOQ8d8lfS2CKt5f6zJ1Hy0FIX6Wp3JH","privKey":"MDOxhhqy1P8janbrNpXxaYEQiLLCPufs+i8J+KIwJmY="},"lastRemoteEphemeralKey":"BZievRHIIDsUpjNEOGNu/ngrwpacDqTt3zWXwo2uUR9C","previousCounter":0,"rootKey":"NNoKPxhUVTErft08GGgKCEUQw8ZgC0x7Vh05VUk28jk="},"indexInfo":{"baseKey":"BVieqmt36EimXiXFGgbOgQOzKiZsF1rpl+G9fUvn2/1w","baseKeyType":2,"closed":-1,"used":1683072547343,"created":1683072547343,"remoteIdentityKey":"BVTOZ0eyKoN4eISkhGAis8M8fuPRbzKoWdzNRDdTz6gP"},"_chains":{"BZievRHIIDsUpjNEOGNu/ngrwpacDqTt3zWXwo2uUR9C":{"chainKey":{"counter":0,"key":"zu2npEKyD3ZwcaP0DLQkYVY5JgPRmfpysKHf7TsMQ2A="},"chainType":2,"messageKeys":{}},"BccwA+RTfhXVNAOQ8d8lfS2CKt5f6zJ1Hy0FIX6Wp3JH":{"chainKey":{"counter":-1,"key":"CIBY1xD+f+Bxvkm/IMtcw8QNoklHZtwrnuhU15Lzy/w="},"chainType":1,"messageKeys":{}}}}},"version":"v1"}