{"_sessions":{"BZmRbXMBPh0tbuPgcNXFJteuWU0oPuUsAvOuMV3i0Gpw":{"registrationId":1942378454,"currentRatchet":{"ephemeralKeyPair":{"pubKey":"BXGnTxQPPOC0Z8vkj3gR7XXDAFnCChTbLHnXRI0D1TIn","privKey":"aJXBqn5HTZcvp4se2przKHqEDo1dN8do0ixuIfWLDnY="},"lastRemoteEphemeralKey":"BWUIdAi/h18IzfaW5hXy7nXjeuCIaz99mZGJfiseOSol","previousCounter":0,"rootKey":"Qwl+jn6IE2ClEYeIanZZIm0CCk+brKEXSykvf/2F4cw="},"indexInfo":{"baseKey":"BZmRbXMBPh0tbuPgcNXFJteuWU0oPuUsAvOuMV3i0Gpw","baseKeyType":2,"closed":-1,"used":1683080066002,"created":1683080066002,"remoteIdentityKey":"BRGOojgrw+cyGByGIfYww6g/J26f6lSDeSKD506GnahY"},"_chains":{"BWUIdAi/h18IzfaW5hXy7nXjeuCIaz99mZGJfiseOSol":{"chainKey":{"counter":0,"key":"oQ2hovap8A6YlYWA72ryIxpkiw7KJL6BvnCAflAlxhg="},"chainType":2,"messageKeys":{}},"BXGnTxQPPOC0Z8vkj3gR7XXDAFnCChTbLHnXRI0D1TIn":{"chainKey":{"counter":-1,"key":"u6/5/NUGdKg3klBcWjYnUdJ7euMfvTz5Gl6HN5PcXVM="},"chainType":1,"messageKeys":{}}}}},"version":"v1"}