{"_sessions":{"Bdj7Qs4/8dR1OhWG5JlY6V8zFF4Bd3FzmlCHrWZak/J+":{"registrationId":1201053818,"currentRatchet":{"ephemeralKeyPair":{"pubKey":"BQcMLgQ7jjnaWBbYlzrfUUHB9Fx1bqNuvB4sqP/OaTpx","privKey":"yB3ThznyIvJIPDoY/Z2PA3maTMKblwOLhy37b4Mb/lE="},"lastRemoteEphemeralKey":"Bd6k0gDAThvB86Uh8qJxGBas4VIzXOIfTRz59AVZxkAN","previousCounter":0,"rootKey":"CISXI7e6MWZpXaElK624tRk6AKErCzPFiGaIRNjqJE0="},"indexInfo":{"baseKey":"Bdj7Qs4/8dR1OhWG5JlY6V8zFF4Bd3FzmlCHrWZak/J+","baseKeyType":2,"closed":-1,"used":1683072539692,"created":1683072539692,"remoteIdentityKey":"BZQqkW9ZNZk8zi/G6cLCrsK7oN468thykTzy8c45O2gg"},"_chains":{"Bd6k0gDAThvB86Uh8qJxGBas4VIzXOIfTRz59AVZxkAN":{"chainKey":{"counter":0,"key":"Vb8Ay8fhB/ouiOxhlo6awq28KV/vF6kVYsf8XHE3WEY="},"chainType":2,"messageKeys":{}},"BQcMLgQ7jjnaWBbYlzrfUUHB9Fx1bqNuvB4sqP/OaTpx":{"chainKey":{"counter":-1,"key":"AmeOOLxT3m+/SrZEUwGKRlVTi38Gf1ifQouPJvUiVaI="},"chainType":1,"messageKeys":{}}}}},"version":"v1"}