{"_sessions":{"BZiAIFmR6gbL4/VZW4QhbzabK3E5mWDnemoJLEYAJjNE":{"registrationId":812752768,"currentRatchet":{"ephemeralKeyPair":{"pubKey":"Bf+fg1jmQANvDMdf3H91CLaq78Qp92GTJkmiBxWU6TJ7","privKey":"SKh4I2MPwjkV+lV3EZ0f9mXIagrRA4aYlkJO7iIIcGM="},"lastRemoteEphemeralKey":"BZzevIQiR1yWvdmea+zaD7zA7lB8Pt2bYZMwnLnUgJxj","previousCounter":0,"rootKey":"QBdI/k5FFJiuL4HZYJt9is+Km3DRzTk5rXsFQlJoRTk="},"indexInfo":{"baseKey":"BZiAIFmR6gbL4/VZW4QhbzabK3E5mWDnemoJLEYAJjNE","baseKeyType":2,"closed":-1,"used":1683072565354,"created":1683072565354,"remoteIdentityKey":"BekBvvzNgYe45URQ8OyXOYMwboxVF7TVdi2vAaVEeIAc"},"_chains":{"BZzevIQiR1yWvdmea+zaD7zA7lB8Pt2bYZMwnLnUgJxj":{"chainKey":{"counter":1,"key":"sIvPpPfpWN9Fiw2Shs+bP9wsr1BGa1aqd30OKhzP+xU="},"chainType":2,"messageKeys":{"0":"sk2bFIsO7oi9WOQ7rIfX/DPPZ19y8AbdY/swRqnIY3w="}},"Bf+fg1jmQANvDMdf3H91CLaq78Qp92GTJkmiBxWU6TJ7":{"chainKey":{"counter":-1,"key":"YC+iBJQ1q2jDsHcCFFoG/xrmGBJ2mi8oim/XDabuVHo="},"chainType":1,"messageKeys":{}}}}},"version":"v1"}