{"_sessions":{"Bb3+KigWVM2BquggSLe+XZrKWxfqeWT7hjb9kC/bS54Z":{"registrationId":809892219,"currentRatchet":{"ephemeralKeyPair":{"pubKey":"Bb9nnuiqmtX53jLYd2PTvc8Xu1J6bXCQsk5T4jcplzNe","privKey":"EPwfN60izhBNuYM4JnAgiPZyAaXmWL+oHCOCaNxuMmM="},"lastRemoteEphemeralKey":"BfsjzHu4txfYegDLxY5US5HOmuKcw+hN2hlU5kGgInIy","previousCounter":0,"rootKey":"qybL4fP+9sNawtGkROKtkozau/qVgnhDdPDmHPfXfP0="},"indexInfo":{"baseKey":"Bb3+KigWVM2BquggSLe+XZrKWxfqeWT7hjb9kC/bS54Z","baseKeyType":2,"closed":-1,"used":1683073029269,"created":1683073029269,"remoteIdentityKey":"Bebyb7gk42lo6lCkckPYocs1nqvrm0mhSWrNNyeOdgYo"},"_chains":{"BfsjzHu4txfYegDLxY5US5HOmuKcw+hN2hlU5kGgInIy":{"chainKey":{"counter":0,"key":"LpI80ssrstqsdB6+uBUQ/auFJMUaJZ8UdUj50jhJXlU="},"chainType":2,"messageKeys":{}},"Bb9nnuiqmtX53jLYd2PTvc8Xu1J6bXCQsk5T4jcplzNe":{"chainKey":{"counter":-1,"key":"gi6vYqzwAqsg0h+W0WRounRvyoUPFLd3JAEhSQf9mpk="},"chainType":1,"messageKeys":{}}}}},"version":"v1"}