{"_sessions":{"BcYCUWlMQlRr6XVmErNt+YqCPlJn9+xZdiuCgu29By8e":{"registrationId":276346440,"currentRatchet":{"ephemeralKeyPair":{"pubKey":"BSptUCrV7C/k4gn9aw4j1g1X1UtXYbRmlmtZKJvo8BRq","privKey":"CGcCzpE7qH0pLny6rWiXGrqpUGxF1IoPqmnaXOTffFc="},"lastRemoteEphemeralKey":"BSQwI/DOPi+fJwpncvZI8Q8S7rXxl9wW96B9CDSwEucI","previousCounter":0,"rootKey":"5OPLM2tm/89PezffwNRJcd1imA14wynJgoJ7kMxQlfM="},"indexInfo":{"baseKey":"BcYCUWlMQlRr6XVmErNt+YqCPlJn9+xZdiuCgu29By8e","baseKeyType":2,"closed":-1,"used":1683080070113,"created":1683080070113,"remoteIdentityKey":"BQoKxbcLWLhUbYqX8UhaN/D8q1Z+2PjvSctPDhLDPKAY"},"_chains":{"BSQwI/DOPi+fJwpncvZI8Q8S7rXxl9wW96B9CDSwEucI":{"chainKey":{"counter":0,"key":"4oV85z3noV7VkcRathWbwM5E2B/yJRLykBqW/X/fCeM="},"chainType":2,"messageKeys":{}},"BSptUCrV7C/k4gn9aw4j1g1X1UtXYbRmlmtZKJvo8BRq":{"chainKey":{"counter":-1,"key":"Y6pJjvoNIq488KX9YgNoTmc2yfTFwQwwkPFyIJt8AUQ="},"chainType":1,"messageKeys":{}}}}},"version":"v1"}