{"_sessions":{"BV8HlQOSR1EyannGzzBUFGjVz7oQigupaT+P5VQ0/F4f":{"registrationId":961301936,"currentRatchet":{"ephemeralKeyPair":{"pubKey":"BXLF7/02jDp73s7fIPy4UitWwS7SSQ/5dSBz8IuOohA7","privKey":"YCZvenVfIpvF5LdkyGLZGrPavFRK07XYwdLOBIH/E3c="},"lastRemoteEphemeralKey":"BUqXmgSnO6QIfUZCf7Iui1UmO/XSMMbaguXZGpzZ4ps2","previousCounter":0,"rootKey":"9r0aKfiIV1SBgEQT06u5ayD3Tz7uXNNDlTtVpOujo88="},"indexInfo":{"baseKey":"BV8HlQOSR1EyannGzzBUFGjVz7oQigupaT+P5VQ0/F4f","baseKeyType":2,"closed":-1,"used":1683080067836,"created":1683080067836,"remoteIdentityKey":"BfnzUWqHEf7hjgeSmWDoKk/x3idkXpemngqebrOTaj49"},"_chains":{"BUqXmgSnO6QIfUZCf7Iui1UmO/XSMMbaguXZGpzZ4ps2":{"chainKey":{"counter":0,"key":"qtsEz692VOBtpWUy4+2qB/36OdUpjsT5CJA9MM8BGS8="},"chainType":2,"messageKeys":{}},"BXLF7/02jDp73s7fIPy4UitWwS7SSQ/5dSBz8IuOohA7":{"chainKey":{"counter":-1,"key":"F5SNxqX0U8h/8FZCXFFR9vQ640oGJ6segpDu6nU/xKU="},"chainType":1,"messageKeys":{}}}}},"version":"v1"}