{"_sessions":{"BRYN7UahZ1p4YjyTd2lDYrQ0jp2TlEPsY+EJ0m0LUrxw":{"registrationId":1944026619,"currentRatchet":{"ephemeralKeyPair":{"pubKey":"BVw2QbaMkLA7Y+Pb815MN2pLJSlhblq8wctMv8RsYE1H","privKey":"eF90J+Zyf4jBdXuDzvH5ZsAHOvm2ZDil8JX44DoAD0M="},"lastRemoteEphemeralKey":"BSUW8hFk7dbAuv9jdFNgtmelpCHKur+j6ftL51CQ19N7","previousCounter":0,"rootKey":"EOXrlRP9j7eDkvHRoNp8jvrhkqYYBJPAHubG6J7KNmg="},"indexInfo":{"baseKey":"BRYN7UahZ1p4YjyTd2lDYrQ0jp2TlEPsY+EJ0m0LUrxw","baseKeyType":2,"closed":-1,"used":1683080077446,"created":1683080077446,"remoteIdentityKey":"BUcDAM/AMMc4aQ0FzfAHzHsgjX9/u627CyLH6oRgXSRl"},"_chains":{"BSUW8hFk7dbAuv9jdFNgtmelpCHKur+j6ftL51CQ19N7":{"chainKey":{"counter":0,"key":"8aedJ2XCrMsxS4jNN+/+/000kf/zfTknU9HDsSSaZPw="},"chainType":2,"messageKeys":{}},"BVw2QbaMkLA7Y+Pb815MN2pLJSlhblq8wctMv8RsYE1H":{"chainKey":{"counter":-1,"key":"/0KQFALquZTB2q5x6ubewFIi9n7RavPlm7xJiZUSFf4="},"chainType":1,"messageKeys":{}}}}},"version":"v1"}