{"_sessions":{"BZQSQ4XF+mH0IzJvn8K73WFkEQOsORD7Id9l3OXwdPU+":{"registrationId":2145950250,"currentRatchet":{"ephemeralKeyPair":{"pubKey":"BR0ICcF0KMF7pvVU0+p9dydMXCoHvipzENrm7JBw4N1u","privKey":"aD4olYqVV+fVJl2LggIxWZKIjKi9gL/blZigtL2tP2w="},"lastRemoteEphemeralKey":"BWFAP7FlH8RF0woz0TGZjQ0NjWW6VyY4qcFv3gEeNbpq","previousCounter":0,"rootKey":"R7RcQcHVeQDqWE2d9j2WL2iN3ITVPA9sIuKBZ30l8kY="},"indexInfo":{"baseKey":"BZQSQ4XF+mH0IzJvn8K73WFkEQOsORD7Id9l3OXwdPU+","baseKeyType":2,"closed":-1,"used":1683072562027,"created":1683072562027,"remoteIdentityKey":"BSrIVtBpOciUh43oWDCbPulgX3UIU7oMy3n3L0NjMyEK"},"_chains":{"BWFAP7FlH8RF0woz0TGZjQ0NjWW6VyY4qcFv3gEeNbpq":{"chainKey":{"counter":0,"key":"qbmKzNZp2VptNKkGamSWOOzFQBm4Okfr2XzwZ6jbWdg="},"chainType":2,"messageKeys":{}},"BR0ICcF0KMF7pvVU0+p9dydMXCoHvipzENrm7JBw4N1u":{"chainKey":{"counter":-1,"key":"9IY0sBhIEVvvGwo+vse2cYm9AurhvcyEo/TWSTVCTeE="},"chainType":1,"messageKeys":{}}}}},"version":"v1"}