{"_sessions":{"BePkVvRro80mr6E35AAIHfheLsjRL/RhxAfS6ltf10I0":{"registrationId":530131601,"currentRatchet":{"ephemeralKeyPair":{"pubKey":"BWmHzTIAVMIu0CoXY3N3RAbF1JTtDfIibaOJqwLokLFQ","privKey":"8LJjpjLXmsV6PpR7ZqwJNKpluYGotVGUO8qvNcmEaG4="},"lastRemoteEphemeralKey":"BbSszG4gx+lju7yTngI3AKiEDwmqG5TkSvZF8IHGdVVn","previousCounter":0,"rootKey":"2/SbUMgiSyZiVxI0jJnNFChRqtEWHMI02mbRoqBHQNE="},"indexInfo":{"baseKey":"BePkVvRro80mr6E35AAIHfheLsjRL/RhxAfS6ltf10I0","baseKeyType":2,"closed":-1,"used":1683080078296,"created":1683080078296,"remoteIdentityKey":"BcK5FGh6YmUJB1QVXLDjmOkTPc1fOl8KYpjAUWJWljk7"},"_chains":{"BbSszG4gx+lju7yTngI3AKiEDwmqG5TkSvZF8IHGdVVn":{"chainKey":{"counter":0,"key":"7wM8scCpwQh179renJ/cRnPQfujyoWvwBKoiMbtNJBc="},"chainType":2,"messageKeys":{}},"BWmHzTIAVMIu0CoXY3N3RAbF1JTtDfIibaOJqwLokLFQ":{"chainKey":{"counter":-1,"key":"dypz1BcLWPURjNXI7omVyNA0yPkSwGJzmasY3pGa9FM="},"chainType":1,"messageKeys":{}}}}},"version":"v1"}