{"_sessions":{"BURjlwQ1lu7AGytM2g+54T517Rrq381fo9y+gi/MJ8Az":{"registrationId":660643846,"currentRatchet":{"ephemeralKeyPair":{"pubKey":"BU2SjmIBrR6wRJKDkUDce3mEQzc18cSIb9QM0XjSUSFJ","privKey":"yHWDphLqmpUhJA8TXCI7tUfSKT8UGnPVZxS0193piEI="},"lastRemoteEphemeralKey":"BZ0wulX0gtGP3N/XMsaECq3hdsZipnjyaOsIdU5Kty5O","previousCounter":0,"rootKey":"JTYXXSyiVI80VtyIwly9+2EhvpjSEjlmltJ9U53OZr8="},"indexInfo":{"baseKey":"BURjlwQ1lu7AGytM2g+54T517Rrq381fo9y+gi/MJ8Az","baseKeyType":2,"closed":-1,"used":1683072559106,"created":1683072559106,"remoteIdentityKey":"BWwsAHAKs6gy+ywHYGoxhK6ZYWdtImU+UZ+74UasMklu"},"_chains":{"BZ0wulX0gtGP3N/XMsaECq3hdsZipnjyaOsIdU5Kty5O":{"chainKey":{"counter":0,"key":"y8OaWJYZddoXQLul56pKPgfGrnklOmT3z85jFNOJ/cI="},"chainType":2,"messageKeys":{}},"BU2SjmIBrR6wRJKDkUDce3mEQzc18cSIb9QM0XjSUSFJ":{"chainKey":{"counter":-1,"key":"6JbHTbSVGVP6Ox8Vk9LNo9xBQI28ZmHOAjJqtQrhwGY="},"chainType":1,"messageKeys":{}}}}},"version":"v1"}