{"_sessions":{"BfB++BTRO3Z9JEnhSQ8X9ji2UHDh9KIeEyCjfzR1GYBW":{"registrationId":1870755402,"currentRatchet":{"ephemeralKeyPair":{"pubKey":"BWQyg5341NJ83pzinvRp+Zj4eT7+xs30B2ObwIK+ZVBX","privKey":"oHdTGXuxGBs1/iiqDGEQnWf5qmghkonaDj6xF6CxR0A="},"lastRemoteEphemeralKey":"Bala7085RceUCh8XJ58kQaEz+0IB5iWYrQ3vig2HZDkI","previousCounter":0,"rootKey":"I45JOivtKc8vrxKJY1ur0qieQIHVhdeUsiJVGxgxG1g="},"indexInfo":{"baseKey":"BfB++BTRO3Z9JEnhSQ8X9ji2UHDh9KIeEyCjfzR1GYBW","baseKeyType":2,"closed":-1,"used":1683072555062,"created":1683072555062,"remoteIdentityKey":"Be+lXLMuasAF3Q/vqc9kuBet9vcyVS6s+7pgJmjgrhgx"},"_chains":{"Bala7085RceUCh8XJ58kQaEz+0IB5iWYrQ3vig2HZDkI":{"chainKey":{"counter":0,"key":"PcM3k6G/Cc1z1AC6cnFfGA2vm88KKI+6QWSgkApLZu8="},"chainType":2,"messageKeys":{}},"BWQyg5341NJ83pzinvRp+Zj4eT7+xs30B2ObwIK+ZVBX":{"chainKey":{"counter":-1,"key":"iz59sBJ18+1+AauBP/fyTKaZ/YXqH9G4EK2lLoTXz74="},"chainType":1,"messageKeys":{}}}}},"version":"v1"}