{"_sessions":{"BYnu2aDab7uQwPcJFNs+LnkOo4x6Z25qIRFarGnz8kF+":{"registrationId":2138263247,"currentRatchet":{"ephemeralKeyPair":{"pubKey":"BZewSZlZEvTTqZ+neqXsWpDynBVLwPufmxylxY7tESQ+","privKey":"cKFyFp3qsxURzN1g5P0Ko6qZp4Iz4fTctjXwIg2cGn8="},"lastRemoteEphemeralKey":"BSHoifneWsO6TTJFFENenaRk6PzmeXVx1DITPQaAaT1X","previousCounter":0,"rootKey":"jFpE6s7YXIiIXY6CQ7F2kwADY9yFEkTMjpJmco1PBOg="},"indexInfo":{"baseKey":"BYnu2aDab7uQwPcJFNs+LnkOo4x6Z25qIRFarGnz8kF+","baseKeyType":2,"closed":-1,"used":1683072558109,"created":1683072558109,"remoteIdentityKey":"BSddqH1Kq4dkFF7i+wrzGgqAldhErCeGgFr8ti02ZzIG"},"_chains":{"BSHoifneWsO6TTJFFENenaRk6PzmeXVx1DITPQaAaT1X":{"chainKey":{"counter":0,"key":"2nMiVyLDbhgJjJtchnJELHtLdjZiOC2p6fVoQ4oBrGQ="},"chainType":2,"messageKeys":{}},"BZewSZlZEvTTqZ+neqXsWpDynBVLwPufmxylxY7tESQ+":{"chainKey":{"counter":-1,"key":"XNuztQV7ZXQwgIRfeyS24KFPF4tJAdpVz0h65HaMEVs="},"chainType":1,"messageKeys":{}}}}},"version":"v1"}