{"_sessions":{"BcY33+vjXl4ZhYPOdtU4K93902MJf0FntGo0g7g2FkUN":{"registrationId":768992990,"currentRatchet":{"ephemeralKeyPair":{"pubKey":"BcagZRV/WRhe0odcXCTvMicyC5Tl/VqoyQyF0IViYBRp","privKey":"4DabJwDvnQV1k5GWiAgUm5S1xbFfXYGbnLyWaGilHV0="},"lastRemoteEphemeralKey":"BddfvoX+635y4aQP8Iz0h2FoIxPKDmSSfCelezTUCdgx","previousCounter":0,"rootKey":"7I7eYNic5x7YMR9pabtX9TGpqNi2E4aabYCVRCJfprA="},"indexInfo":{"baseKey":"BcY33+vjXl4ZhYPOdtU4K93902MJf0FntGo0g7g2FkUN","baseKeyType":2,"closed":-1,"used":1683080069047,"created":1683080069047,"remoteIdentityKey":"BemzahBgTf5aVRJfCJKGZjpb25y2aTZVmQ+bo3ZEw0I7"},"_chains":{"BddfvoX+635y4aQP8Iz0h2FoIxPKDmSSfCelezTUCdgx":{"chainKey":{"counter":0,"key":"BxVzYYONCuL/n932eV+00dhcW3EMDLQ3tn0ao7mX7z4="},"chainType":2,"messageKeys":{}},"BcagZRV/WRhe0odcXCTvMicyC5Tl/VqoyQyF0IViYBRp":{"chainKey":{"counter":-1,"key":"Ti5yKX+hksJT0GdWpDlueGZfTVSE4+RmXU5DKzufmjc="},"chainType":1,"messageKeys":{}}}}},"version":"v1"}