{"_sessions":{"BSk2OIod3cHwyIPCiCMLcgdzoWr6x+gZY25X2QsSnicQ":{"registrationId":258464919,"currentRatchet":{"ephemeralKeyPair":{"pubKey":"BWqVkmeK8UO9K0LvYvQGpFGjc/CnLtVEmDQsaXCLGvp7","privKey":"qBew55XmVw/2wV1CRvkmZ3kOmbxuyRWbBsRmqcYzVnw="},"lastRemoteEphemeralKey":"BVTo37sI40jRMMyD4Iodru5k/31qy+jV9Zy9ALEIvy97","previousCounter":0,"rootKey":"0hr0YBc1xlqVxDC08L86lXApCdZFcsheUrTQhrn9i0k="},"indexInfo":{"baseKey":"BSk2OIod3cHwyIPCiCMLcgdzoWr6x+gZY25X2QsSnicQ","baseKeyType":2,"closed":-1,"used":1683072556823,"created":1683072556823,"remoteIdentityKey":"BcJU/32u/s+qfVAbuLQTbEwfrPYjT+wBNXqD1XnXHylU"},"_chains":{"BVTo37sI40jRMMyD4Iodru5k/31qy+jV9Zy9ALEIvy97":{"chainKey":{"counter":0,"key":"7JBqIO10OwWJpN3cP3vV6QjpYuW4QmdF8QfAvEPHDis="},"chainType":2,"messageKeys":{}},"BWqVkmeK8UO9K0LvYvQGpFGjc/CnLtVEmDQsaXCLGvp7":{"chainKey":{"counter":-1,"key":"StHJlEHMfME8kZVTe0Qx2satQ1VltdPbNAMgX9jN5Q8="},"chainType":1,"messageKeys":{}}}}},"version":"v1"}