{"_sessions":{"BbS9EDjIK5c5ptxWkRv0V8PGDLKO4J+G/br1VYJRI+VU":{"registrationId":1024859260,"currentRatchet":{"ephemeralKeyPair":{"pubKey":"BU2WNXvxudoBLqlAjOtowwprh2xJIR5ZSmtuQM5B6D0D","privKey":"UI7svqQxxLFXnIppKH7UQYpHKVOvyHyu7Lt85vja/XA="},"lastRemoteEphemeralKey":"BfPlLu+RYK6TsZJQqgSasaE6IdlPrC3eSgGLdlTVdz1A","previousCounter":0,"rootKey":"4CCVjn4g+3XGRouSacQ7ASxhngshUwHGbnpGBGggpXk="},"indexInfo":{"baseKey":"BbS9EDjIK5c5ptxWkRv0V8PGDLKO4J+G/br1VYJRI+VU","baseKeyType":2,"closed":-1,"used":1683080074578,"created":1683080074578,"remoteIdentityKey":"BXjaWTFvPctYqsVe9yR226GQ9hzf3SxOIFjoYNGDcxk2"},"_chains":{"BfPlLu+RYK6TsZJQqgSasaE6IdlPrC3eSgGLdlTVdz1A":{"chainKey":{"counter":1,"key":"R6EZF0WlPro31aDhrBrWFryk2TDEG1SYzxm4OQAuZO0="},"chainType":2,"messageKeys":{}},"BU2WNXvxudoBLqlAjOtowwprh2xJIR5ZSmtuQM5B6D0D":{"chainKey":{"counter":-1,"key":"miDlupBRmCQ6Xn2jDtpp7+ZBqn/iEyuQJ5QjvmbVhnA="},"chainType":1,"messageKeys":{}}}}},"version":"v1"}