{"_sessions":{"BXhcgYRyuwkJ1NOWy65zTTFbk9NMBQPYVpbVDsMhieUI":{"registrationId":1459806106,"currentRatchet":{"ephemeralKeyPair":{"pubKey":"BanKMDeLQKhByzFjbHlaHSzJuPhC9RvIzzPUJmDWby9s","privKey":"sFkluLFmVILM4HsYFRTDM8qov9jFqV9y8H86vsDlUVU="},"lastRemoteEphemeralKey":"BRuVyvafHbOZnimhcw/IDM9EYw/iuXA/i5R8T5Sg6wJj","previousCounter":0,"rootKey":"UytzzIAhnukRaUXyzLajZ4G5YlJY57V/q0kZIoGrHcE="},"indexInfo":{"baseKey":"BXhcgYRyuwkJ1NOWy65zTTFbk9NMBQPYVpbVDsMhieUI","baseKeyType":2,"closed":-1,"used":1683072549342,"created":1683072549342,"remoteIdentityKey":"BTWjctBEJ4p794RrRc8TCSSINK9CyC6raWUdkVDvY9BA"},"_chains":{"BRuVyvafHbOZnimhcw/IDM9EYw/iuXA/i5R8T5Sg6wJj":{"chainKey":{"counter":0,"key":"PFySqeSikErujvBJ+gW9T2aa79sGLr7LXreKjKsQo4g="},"chainType":2,"messageKeys":{}},"BanKMDeLQKhByzFjbHlaHSzJuPhC9RvIzzPUJmDWby9s":{"chainKey":{"counter":-1,"key":"HdIJAE2TGL1QVqjWknZvsv1GBb/dW/pGAt90m9e/yzI="},"chainType":1,"messageKeys":{}}}}},"version":"v1"}