{"_sessions":{"BbCUNwgKYujatkPv6NgDut4STfc6iSFeGMacI03cyMNE":{"registrationId":1161830452,"currentRatchet":{"ephemeralKeyPair":{"pubKey":"BdyzYAKKjGR8jV/yKoerRRk7wmwhYMEO8quua21TXbxP","privKey":"2Kg7XKnF4sGWJxtpqHcz7hGFOzHTRyYzhctzeXQLIWw="},"lastRemoteEphemeralKey":"BUfY9UK7wlMsHVzDw9Qnmmn7s86j+NQmjYd1i3FpEvAa","previousCounter":0,"rootKey":"a+3QAwNfWdQQ9LpQodjZlbJUoAs8ix+EHoTN3We5VkA="},"indexInfo":{"baseKey":"BbCUNwgKYujatkPv6NgDut4STfc6iSFeGMacI03cyMNE","baseKeyType":2,"closed":-1,"used":1683072541284,"created":1683072541284,"remoteIdentityKey":"BaCri2d4c/nq87MTmj6bVawARz4EEOOoroNnn2JrBQRP"},"_chains":{"BUfY9UK7wlMsHVzDw9Qnmmn7s86j+NQmjYd1i3FpEvAa":{"chainKey":{"counter":0,"key":"E/gSwC96E9mN7i817/4Vea9kHZZYf6qTjb7AibWBtoc="},"chainType":2,"messageKeys":{}},"BdyzYAKKjGR8jV/yKoerRRk7wmwhYMEO8quua21TXbxP":{"chainKey":{"counter":-1,"key":"Y0i5P0kFcsO8bSEGel97VNf8qzdYT7ync+NPuq1CxHA="},"chainType":1,"messageKeys":{}}}}},"version":"v1"}