{"_sessions":{"BQ1JMspUAedtIymM3LfsYLzljSSupFfbIZRWBYvTpaQi":{"registrationId":2136412860,"currentRatchet":{"ephemeralKeyPair":{"pubKey":"BXcm+Fgr5Pd02qKQhT/oM6Kcrh4Qpt3HxueoedQ1d1YY","privKey":"8KT2xc4T57Z8sUogTl4nJHl8nEOWeKpDF99CA4V+H0Q="},"lastRemoteEphemeralKey":"Ba7wMLUDIg0cHIB2GWiytOSpraohH5vTBlEA1+vYmzMC","previousCounter":0,"rootKey":"1fo/lWI1fSQoOys0x7c9zEolTu3A+CX1xsOesafn7jc="},"indexInfo":{"baseKey":"BQ1JMspUAedtIymM3LfsYLzljSSupFfbIZRWBYvTpaQi","baseKeyType":2,"closed":-1,"used":1683072545822,"created":1683072545822,"remoteIdentityKey":"BbvYvuIUYdBJ9cBbw5z7TStQazvz4kdyDhRlED9bTHtl"},"_chains":{"Ba7wMLUDIg0cHIB2GWiytOSpraohH5vTBlEA1+vYmzMC":{"chainKey":{"counter":0,"key":"ra6FfMB1c5YDBQF+YgsQIGZCqkeby+mPDWr9M/3rTOY="},"chainType":2,"messageKeys":{}},"BXcm+Fgr5Pd02qKQhT/oM6Kcrh4Qpt3HxueoedQ1d1YY":{"chainKey":{"counter":-1,"key":"ckTZl/ik+TdCAKEiZ4wjjy8v4qeLxXPRrFbmKRD12TA="},"chainType":1,"messageKeys":{}}}}},"version":"v1"}