{"_sessions":{"BQZbAiJnu5kqfTwJbRAjG3sAIBTphOglFjyTGzk18XgP":{"registrationId":1857226334,"currentRatchet":{"ephemeralKeyPair":{"pubKey":"BYVHr49an8Hufa2c5JWw/6HxA6QhqgQ7mVboTs3ue64Y","privKey":"QNMMXiuLi3lm8XUkhoalX6MSpWBuy/8KdZxRHrnK/U4="},"lastRemoteEphemeralKey":"BZUF+1JiiySfydyGyAsgd+DqnL+DjL8SZGmvGEPGcb8n","previousCounter":0,"rootKey":"AueDlEdgKYxK9YYfxb5v+ev76eQhPmRmQ+D5QM/xgyI="},"indexInfo":{"baseKey":"BQZbAiJnu5kqfTwJbRAjG3sAIBTphOglFjyTGzk18XgP","baseKeyType":2,"closed":-1,"used":1683073059171,"created":1683073059171,"remoteIdentityKey":"Ba/SvfsiHXyXuuERsVuLPh5X6ZX6VUmJT/zHC2zH4VdJ"},"_chains":{"BZUF+1JiiySfydyGyAsgd+DqnL+DjL8SZGmvGEPGcb8n":{"chainKey":{"counter":0,"key":"8qsPqJwlulBK5x4Mt+WWPZDb1il2mJwvk7UBy5vHANU="},"chainType":2,"messageKeys":{}},"BYVHr49an8Hufa2c5JWw/6HxA6QhqgQ7mVboTs3ue64Y":{"chainKey":{"counter":-1,"key":"YGMHLskYO1ULLX1wb9yQrkfrx06IPP19LTMdGtOJLXM="},"chainType":1,"messageKeys":{}}}}},"version":"v1"}