{"_sessions":{"BTQ4gS5wyHC9KBsgOH31+SMBeAIQFiQPaqtgTmu2b3M6":{"registrationId":1248178630,"currentRatchet":{"ephemeralKeyPair":{"pubKey":"BVA344z2wwDu6TSw5oy88g5mcHjK0L8Esotnp4mmSRR7","privKey":"OEatfJ7efAvVeC2AuKiGRlireAf0X2Tml3Ycv5bt52I="},"lastRemoteEphemeralKey":"BWhKsvI9IYfzIuB0JUehZD8TTYlXjk4RRIm5nuazrQQM","previousCounter":0,"rootKey":"uKzk9JJrkk4GCWjfg3rbsoJ+cERZtn+4UgZEt1W/Fb4="},"indexInfo":{"baseKey":"BTQ4gS5wyHC9KBsgOH31+SMBeAIQFiQPaqtgTmu2b3M6","baseKeyType":2,"closed":-1,"used":1683072556909,"created":1683072556909,"remoteIdentityKey":"BacdvFhroNDwrrRu3EGJe0UuzhL7AOU6PAAFuFC2iVlw"},"_chains":{"BWhKsvI9IYfzIuB0JUehZD8TTYlXjk4RRIm5nuazrQQM":{"chainKey":{"counter":0,"key":"W02YxAm9OypzqNjNMxoel33kqOwYyZkIP21q9k6mwNM="},"chainType":2,"messageKeys":{}},"BVA344z2wwDu6TSw5oy88g5mcHjK0L8Esotnp4mmSRR7":{"chainKey":{"counter":-1,"key":"QjUT7hrJQkbFjM1gqRXnDK2YLMXuqYNUOwSvjmm641c="},"chainType":1,"messageKeys":{}}}}},"version":"v1"}