{"_sessions":{"BagIPY/NLogw1JGA2j9FeXV72zLa4uV2FhBwRWz/tk0C":{"registrationId":2041701345,"currentRatchet":{"ephemeralKeyPair":{"pubKey":"BZ0BD2+fn5xIUJvtFwW5TPWyZ61Xa0bpW7eZdfXEvLVt","privKey":"kLLJsx67KZw6UF/Y5/Diub95iE4uINkTrcOCgyfVu2I="},"lastRemoteEphemeralKey":"BbKA8EBdODbz7gVbIOAbtqw0MCujH7iQRpXjLMIQ+ule","previousCounter":0,"rootKey":"4jnhQLsHRxo+dnl93M4ZR7EfIHnEHLUu5fFhxV5nEUQ="},"indexInfo":{"baseKey":"BagIPY/NLogw1JGA2j9FeXV72zLa4uV2FhBwRWz/tk0C","baseKeyType":2,"closed":-1,"used":1683072563052,"created":1683072563052,"remoteIdentityKey":"BQO02LNeS7POSV80eBq/Pe22gNuuQMD74c1Jka8A++ob"},"_chains":{"BbKA8EBdODbz7gVbIOAbtqw0MCujH7iQRpXjLMIQ+ule":{"chainKey":{"counter":0,"key":"UioOCBJvZ/bTLoRXeCI1/wMb4Whl0FvNHwrrbz71v9s="},"chainType":2,"messageKeys":{}},"BZ0BD2+fn5xIUJvtFwW5TPWyZ61Xa0bpW7eZdfXEvLVt":{"chainKey":{"counter":-1,"key":"4ZVLFa7MY4fOSh39OP4CPNCv64sVY8aecuJy0/dMkZw="},"chainType":1,"messageKeys":{}}}}},"version":"v1"}