{"_sessions":{"BQtxnQRh4DhHVQ5wMNHEicUxfFw+o4GBd1f7+6VTtEcH":{"registrationId":1582830806,"currentRatchet":{"ephemeralKeyPair":{"pubKey":"BRTBh1DLuuH1OEhljHr3WYMdB3TQRB9sud+7vV+TgWZO","privKey":"GEiheXOpnq3QSy31+xLhGLucXFmq6Lb3huOfPLMqj2A="},"lastRemoteEphemeralKey":"BbJ/NB8qem25WMFhZqvmdexe/IyNoFiJFu/PE//j4RYB","previousCounter":0,"rootKey":"x2NYtC7lVaSV4UBbx7Pan+TbNuFRhujY1SL/wqR/FmI="},"indexInfo":{"baseKey":"BQtxnQRh4DhHVQ5wMNHEicUxfFw+o4GBd1f7+6VTtEcH","baseKeyType":2,"closed":-1,"used":1683072561206,"created":1683072561206,"remoteIdentityKey":"BZlw3XhXjq5LTkw1L5+t7jc3CZjXL0SNG5iQvdRnVRVc"},"_chains":{"BbJ/NB8qem25WMFhZqvmdexe/IyNoFiJFu/PE//j4RYB":{"chainKey":{"counter":0,"key":"mCjnMCB2ZK7/tZqUCDLZYMfIT/L0uhAn1+SmIdUJSzA="},"chainType":2,"messageKeys":{}},"BRTBh1DLuuH1OEhljHr3WYMdB3TQRB9sud+7vV+TgWZO":{"chainKey":{"counter":-1,"key":"MIvxrHUCCMyd9j4Z3YGAA51quhbY2b43x4zgLqVUXFo="},"chainType":1,"messageKeys":{}}}}},"version":"v1"}