{"_sessions":{"BfTtJF75+Sd2aMnq9vlV4QIrVi6mTAhnSx6RIKe6wPJY":{"registrationId":1232553085,"currentRatchet":{"ephemeralKeyPair":{"pubKey":"Bcq24BOS99DgRJiQY5cHWQCuVv7+655nAerz7sfmVddU","privKey":"MLPBEF17H744oHt0maock4gb/kBbsbP5pywjKddbKFg="},"lastRemoteEphemeralKey":"BUu6LSGSyY1HIZCQF0n23gg45jnA/dcCv1zIeSvV6Yd+","previousCounter":0,"rootKey":"fptECWe2GvAAfGpl1U9JDf+CHR4Lch/B1eIhTAOQko0="},"indexInfo":{"baseKey":"BfTtJF75+Sd2aMnq9vlV4QIrVi6mTAhnSx6RIKe6wPJY","baseKeyType":2,"closed":-1,"used":1683080072295,"created":1683080072295,"remoteIdentityKey":"Bcs3j6kUikD2oQyY308X7goQObBj+8WfOb96JIWhoCVR"},"_chains":{"BUu6LSGSyY1HIZCQF0n23gg45jnA/dcCv1zIeSvV6Yd+":{"chainKey":{"counter":0,"key":"yb0zIEZz1EiArJCFBVfWXmMzvEvF3E5xU8/uJI7LX7o="},"chainType":2,"messageKeys":{}},"Bcq24BOS99DgRJiQY5cHWQCuVv7+655nAerz7sfmVddU":{"chainKey":{"counter":-1,"key":"cXmCjoNQl70BaYIB3sJsffu8o82tEJP+ANim1OiD8X4="},"chainType":1,"messageKeys":{}}}}},"version":"v1"}