{"_sessions":{"BTna6+ucyM7hndR4GPTOau+e8IRh6mnS3TTelYtoGnUw":{"registrationId":1954810718,"currentRatchet":{"ephemeralKeyPair":{"pubKey":"BaTE8lxgAuypvlaxAgSHCmFp53Cv3reXSX+lE9XjUe5Y","privKey":"kK4ViGUuAgO+7uXjEjcs31GuN4u7w+Sb6XlyeAqvl2c="},"lastRemoteEphemeralKey":"BSb9xEwhiHCktrmIY7gIbAqh60xdJp+K/vc4WdLNUU1Q","previousCounter":0,"rootKey":"nQ0lzauLxvRTaiUFGFuuFAPGu0mrY1sMT2Kg2CaSdDs="},"indexInfo":{"baseKey":"BTna6+ucyM7hndR4GPTOau+e8IRh6mnS3TTelYtoGnUw","baseKeyType":2,"closed":-1,"used":1683072549654,"created":1683072549654,"remoteIdentityKey":"BYL4ZV7qXZ+6X8uQgofCpIdYObhwAE8xz0UcZcbo49MJ"},"_chains":{"BSb9xEwhiHCktrmIY7gIbAqh60xdJp+K/vc4WdLNUU1Q":{"chainKey":{"counter":0,"key":"P+5/73KsKG1aqINhrgNiEaGRaR29hLogyYTONDL4USo="},"chainType":2,"messageKeys":{}},"BaTE8lxgAuypvlaxAgSHCmFp53Cv3reXSX+lE9XjUe5Y":{"chainKey":{"counter":-1,"key":"gHkrWu33FpuAD86uZ0aDm51Gu9UMYoDBSLPwBsvtnOA="},"chainType":1,"messageKeys":{}}}}},"version":"v1"}