{"_sessions":{"BebB9hWxyVwg7RBbgmuuEWlkMnO4C0+Ix3AP99+QLXcV":{"registrationId":1580867834,"currentRatchet":{"ephemeralKeyPair":{"pubKey":"BY9bJ6S4j781LHs9rAC7hl6WVGB1/8fcUprWfQ6NGRoB","privKey":"SIUBQRaqGhEviV0T50LcMbeAZpvJimD93osuGFCW9Hw="},"lastRemoteEphemeralKey":"BTe9eXRPRHPsMxmbnNZ18k7wqCOG1Rtx1Anch+dq71Aj","previousCounter":0,"rootKey":"ulILwRzp7b9BWRmb54jj70xzfExQg6Y6XTvmcImliPA="},"indexInfo":{"baseKey":"BebB9hWxyVwg7RBbgmuuEWlkMnO4C0+Ix3AP99+QLXcV","baseKeyType":2,"closed":-1,"used":1683072550855,"created":1683072550855,"remoteIdentityKey":"BU1IJKld8mCxzgppVIz7mvbHXoSWr4rtku5APWAa87NO"},"_chains":{"BTe9eXRPRHPsMxmbnNZ18k7wqCOG1Rtx1Anch+dq71Aj":{"chainKey":{"counter":0,"key":"CPJRKKBw+DIZ19gvmxN+XHhknh33ieyEanBP5f1TWMU="},"chainType":2,"messageKeys":{}},"BY9bJ6S4j781LHs9rAC7hl6WVGB1/8fcUprWfQ6NGRoB":{"chainKey":{"counter":-1,"key":"HWu/BvzS6UoKBSxqNQDQQ4P0IOJlO8yXZhkhxe/INQo="},"chainType":1,"messageKeys":{}}}}},"version":"v1"}