{"_sessions":{"BYbGjqqnmX4sPkUhH9eH63wSUydsa6da2KVYYmlA7ZsP":{"registrationId":453812772,"currentRatchet":{"ephemeralKeyPair":{"pubKey":"BauP3Ludq5Z45QlIydkWYiKE0nDYsaNyIK0/Z1fxejAv","privKey":"WKO0uCur/qG14/lNltGYLjDNx47eqXSNWHbCGAyEmWg="},"lastRemoteEphemeralKey":"Ba0cOn/X/sNwAau7Ezp490RMdozel22v/ZSM7X5kRYRp","previousCounter":0,"rootKey":"j7xFP0y8r8VYY0xIV7gfXO5fSFqcxxuK13CZxFH5PZg="},"indexInfo":{"baseKey":"BYbGjqqnmX4sPkUhH9eH63wSUydsa6da2KVYYmlA7ZsP","baseKeyType":2,"closed":-1,"used":1683072562705,"created":1683072562705,"remoteIdentityKey":"Bei+Q7M1I1I3jSBuLuBrQo41eagjeRVeYOO/hCFhqlMQ"},"_chains":{"Ba0cOn/X/sNwAau7Ezp490RMdozel22v/ZSM7X5kRYRp":{"chainKey":{"counter":0,"key":"AMjNO7AfWU8uM7RmfYaWpICQULrXHWhe9a9UhPgkKXE="},"chainType":2,"messageKeys":{}},"BauP3Ludq5Z45QlIydkWYiKE0nDYsaNyIK0/Z1fxejAv":{"chainKey":{"counter":-1,"key":"vTnOndhunGjWbUMgRTD03oOz5Wyyz30iRsynVVKrqWc="},"chainType":1,"messageKeys":{}}}}},"version":"v1"}