{"_sessions":{"BSV4Kvs3B2tdeEqmhu08JzxLpqGvFEfXjBHlegKbFOsk":{"registrationId":1089099234,"currentRatchet":{"ephemeralKeyPair":{"pubKey":"BYMwX3MTffgkwd9rnp0N03MCmFz2w1Gvx4a96ceH8BEs","privKey":"gGDVJrX0XTgQ+kMU8TnsxUEqOiTdxs5VZPeJw0Xn7WA="},"lastRemoteEphemeralKey":"BRAvrAvzi5Dk0th/Jgaae3Ahb1cBsTSuu4SP7pAONH4e","previousCounter":0,"rootKey":"RWW/Ira9BZU5A5soLqR1bp5BPE1g6L2TSnoWizCV9VM="},"indexInfo":{"baseKey":"BSV4Kvs3B2tdeEqmhu08JzxLpqGvFEfXjBHlegKbFOsk","baseKeyType":2,"closed":-1,"used":1683073535405,"created":1683073535405,"remoteIdentityKey":"BZSTxnm/8I/he6vkuXwGrcnSDP5hqwmKJVG0N+mWg49n"},"_chains":{"BRAvrAvzi5Dk0th/Jgaae3Ahb1cBsTSuu4SP7pAONH4e":{"chainKey":{"counter":0,"key":"Uy2bgYcLxar2+8+3N7tL0gVgwfpiZig8yLWc2tX6YOM="},"chainType":2,"messageKeys":{}},"BYMwX3MTffgkwd9rnp0N03MCmFz2w1Gvx4a96ceH8BEs":{"chainKey":{"counter":-1,"key":"KToWfPPzx6JDLHwLIxYHTFO8gLWUAHjWPAYNyUAn1W8="},"chainType":1,"messageKeys":{}}}}},"version":"v1"}