{"_sessions":{"BR313V6lGc5t3ooaeDWmm3/pKOFJJ/MPVszpGevSb/s0":{"registrationId":1710901851,"currentRatchet":{"ephemeralKeyPair":{"pubKey":"BeHa0vKhqkffR1vibM5sSDEbU/q8Qdj/Mb2B+hzEi5wK","privKey":"AHPjJP2JzjclCAgO+5mzHe/vuvC7OkLmnwI4eEj4DUo="},"lastRemoteEphemeralKey":"Bc15sWqBLdMAtzntB/Q0N5xeQFy5SGBMRITouwcSg8hF","previousCounter":0,"rootKey":"B4BsRCgDwkjyhg5C0OPcLW2Weo+0ydU8wKheQSml7n4="},"indexInfo":{"baseKey":"BR313V6lGc5t3ooaeDWmm3/pKOFJJ/MPVszpGevSb/s0","baseKeyType":2,"closed":-1,"used":1683072566956,"created":1683072566956,"remoteIdentityKey":"BelumpfvMFzUpeTKefrLG62z7DM2Pqu8bMxMOGolintO"},"_chains":{"Bc15sWqBLdMAtzntB/Q0N5xeQFy5SGBMRITouwcSg8hF":{"chainKey":{"counter":0,"key":"tISUmSn/gD9211MgYaofiqx/6Xywef0UGJZ05VUGVe0="},"chainType":2,"messageKeys":{}},"BeHa0vKhqkffR1vibM5sSDEbU/q8Qdj/Mb2B+hzEi5wK":{"chainKey":{"counter":-1,"key":"SfwLfDNSp3czHUdwELc92fWW7XD/h8HgLrcxOnbkqxM="},"chainType":1,"messageKeys":{}}}}},"version":"v1"}