{"_sessions":{"BU7da6nJhWeP+kGZuT6+ZMzUOlsh6xnCf/JIgdsJNdtk":{"registrationId":999022208,"currentRatchet":{"ephemeralKeyPair":{"pubKey":"BQMuvkBNiF9VudxkPg7cx2gHaBb3Pr7TYcrVY0GPFk8E","privKey":"6EuH2YUNdGxxgi5Hgkp2xtlUc/orbB9nIlJOJt9galk="},"lastRemoteEphemeralKey":"Bb5Y77yplY9QirZfEzIPwamtzBJswGhceIh54JTxrgNO","previousCounter":0,"rootKey":"5TjZpngdZbN3rXISjtA7ExExd3OoAd6B5Z6ajPaia48="},"indexInfo":{"baseKey":"BU7da6nJhWeP+kGZuT6+ZMzUOlsh6xnCf/JIgdsJNdtk","baseKeyType":2,"closed":-1,"used":1683072559902,"created":1683072559902,"remoteIdentityKey":"BcIutsrMYOWD25X+g7aSZC43ASLkUb148ScWOWk6+XI6"},"_chains":{"Bb5Y77yplY9QirZfEzIPwamtzBJswGhceIh54JTxrgNO":{"chainKey":{"counter":0,"key":"qOC5xb+MyOI6PP5MHyGLEDmWjYmUxpqhPd7v2RK10YA="},"chainType":2,"messageKeys":{}},"BQMuvkBNiF9VudxkPg7cx2gHaBb3Pr7TYcrVY0GPFk8E":{"chainKey":{"counter":-1,"key":"p8ppjwe6JgcBIdxMi+2AaKS05AnUfsHPj1ChJj4t2hs="},"chainType":1,"messageKeys":{}}}}},"version":"v1"}