{"_sessions":{"BW1KgGx6qyAJHUe0l+DJsKakZCB0Rf6KLquylmMoHXs+":{"registrationId":1168616304,"currentRatchet":{"ephemeralKeyPair":{"pubKey":"BbEnJ7XtPTcRiXWwlxPAYsD0vPCOvRNFe4r1lG128bkB","privKey":"MBGBr5BLAe9HYOPVJJaovV+tUc7jkgo2khiioGuV9UI="},"lastRemoteEphemeralKey":"BT+6J+T10A4e9NS2YD5F4gIjo7NUtdvTSQ8o2UHpUE55","previousCounter":0,"rootKey":"FxeiyYKqKmS1cIV/gZjtb8RWbtfdWDgTXyiHKw2c3+k="},"indexInfo":{"baseKey":"BW1KgGx6qyAJHUe0l+DJsKakZCB0Rf6KLquylmMoHXs+","baseKeyType":2,"closed":-1,"used":1683072536700,"created":1683072536700,"remoteIdentityKey":"BTUrVmeOR07dpVcVYdbFual86O20Ohlbl3MSZ+OLqg1n"},"_chains":{"BT+6J+T10A4e9NS2YD5F4gIjo7NUtdvTSQ8o2UHpUE55":{"chainKey":{"counter":1,"key":"SdaH6AEVpC9qbK1l/xg5QL1ir2WQ7OpVhkwW1bOaAVA="},"chainType":2,"messageKeys":{}},"BbEnJ7XtPTcRiXWwlxPAYsD0vPCOvRNFe4r1lG128bkB":{"chainKey":{"counter":-1,"key":"j6wBZ/t0xa0xLSMoIorXTU4eS+lg3zOV7rmuSwUoy24="},"chainType":1,"messageKeys":{}}}}},"version":"v1"}