{"_sessions":{"BdJGH522PJK43OGV/5EIfaJQtOqRv01FfsaXtg5L76Mn":{"registrationId":1552083767,"currentRatchet":{"ephemeralKeyPair":{"pubKey":"Ben2n0p4Wb54lpXfF9FQJXMWEX2WtiuDz1DOWVGLip5M","privKey":"oHid0qm6FxNFNnRHNzV2qpIg/9RyLBvJWEnroGuBy0k="},"lastRemoteEphemeralKey":"BVHHMIHTA3kB0QVWMWH6ThKNHv/5mF2eypuXf0L/lAxN","previousCounter":0,"rootKey":"7DrRdc5+xlnjbK6+CEN8VqkY7VdSwmTiTD9HrPy2CoM="},"indexInfo":{"baseKey":"BdJGH522PJK43OGV/5EIfaJQtOqRv01FfsaXtg5L76Mn","baseKeyType":2,"closed":-1,"used":1683073334845,"created":1683073334845,"remoteIdentityKey":"BSu32DNdEizm1UGJ5syUtfZ8HYnfqzJSTjWs8YnCPvEe"},"_chains":{"BVHHMIHTA3kB0QVWMWH6ThKNHv/5mF2eypuXf0L/lAxN":{"chainKey":{"counter":0,"key":"eXgNhaCYV4b6K1kBVVENmo8iRaOyRnIyxj43eWnGmBQ="},"chainType":2,"messageKeys":{}},"Ben2n0p4Wb54lpXfF9FQJXMWEX2WtiuDz1DOWVGLip5M":{"chainKey":{"counter":-1,"key":"F7k/rZOGnRpXZdrAOSdXHKs7tXwUS9tA9mMgyyGgtbc="},"chainType":1,"messageKeys":{}}}}},"version":"v1"}