{"_sessions":{"BTf51GIC7K8jtJWiZ1up8up3UhY5W7YMmjweDPVOAxgr":{"registrationId":1902722733,"currentRatchet":{"ephemeralKeyPair":{"pubKey":"BRsbEZdBtviApopWqEOKKuG4dwnRptU0orly91Ia59As","privKey":"gFagQQxGKAUHHWucyenJK5+aJkGmLK/EPho9LPOxr3I="},"lastRemoteEphemeralKey":"BQFSvdsx8LJdbYs+xUrdDOiA4e5aXqTY4VSsb41vF1l7","previousCounter":0,"rootKey":"A7lJA0c6lLXRjnlSUbMe7mOOs9epdbB8p/griFUZGo0="},"indexInfo":{"baseKey":"BTf51GIC7K8jtJWiZ1up8up3UhY5W7YMmjweDPVOAxgr","baseKeyType":2,"closed":-1,"used":1683073685690,"created":1683073685690,"remoteIdentityKey":"Be9rHmbFC7fAaWJo19eBUbiWZs58BdSfp77RKACRlpEz"},"_chains":{"BQFSvdsx8LJdbYs+xUrdDOiA4e5aXqTY4VSsb41vF1l7":{"chainKey":{"counter":0,"key":"Yox8bfF1aN0cD66cF4+aKYTn7uuaGppnJiVCC78hFoo="},"chainType":2,"messageKeys":{}},"BRsbEZdBtviApopWqEOKKuG4dwnRptU0orly91Ia59As":{"chainKey":{"counter":-1,"key":"kVoZVwwVI0DAOOgloaUvCiccimD5PBdpO0DmG07eokw="},"chainType":1,"messageKeys":{}}}}},"version":"v1"}