{"_sessions":{"BUeZLC6BtaPylI5wtnuigoMcAHnfc6uGIXAFtJndzX5E":{"registrationId":73148458,"currentRatchet":{"ephemeralKeyPair":{"pubKey":"BUPsZ8G/myCEUylPs67G4zbsSgPsFJu31wLuUmvhtuRi","privKey":"aAXe/5NcLukTXffExiznAxJjpTlpsnpRBRQ1Y+wUFUU="},"lastRemoteEphemeralKey":"BR0OXgo/R2unAYl6Vju4BvXosJQ+5JPHmvw0Vl5jlkpL","previousCounter":0,"rootKey":"IRby/6oBhbQ5DbmoH8221XQGw3AQebPC0BIjUcscpX4="},"indexInfo":{"baseKey":"BUeZLC6BtaPylI5wtnuigoMcAHnfc6uGIXAFtJndzX5E","baseKeyType":2,"closed":-1,"used":1683072548844,"created":1683072548844,"remoteIdentityKey":"BcaMJDG8MRW5BYdvYYr1dKjvtv0UEywGISDmnqX04zwL"},"_chains":{"BR0OXgo/R2unAYl6Vju4BvXosJQ+5JPHmvw0Vl5jlkpL":{"chainKey":{"counter":0,"key":"Sh8F28FsYIv6qzmNILEkwzi4Jo968OxEOyvGEPbi4tI="},"chainType":2,"messageKeys":{}},"BUPsZ8G/myCEUylPs67G4zbsSgPsFJu31wLuUmvhtuRi":{"chainKey":{"counter":-1,"key":"Mc8nOsWnd0vDdpb3yOt+PaCprsh0fsxjVKYJKO52tTM="},"chainType":1,"messageKeys":{}}}}},"version":"v1"}