{"_sessions":{"BQeIjmZlxB17Y+mFBRO17GNFNTVGMGDZWNQZN1lKz3tz":{"registrationId":1314438701,"currentRatchet":{"ephemeralKeyPair":{"pubKey":"BX1XFeszUTwqJypn34TidsuQnYO+AdamFfmumNgqJAsf","privKey":"8HnrAWRLTgckp0ePsRY8cQYAJWNe3tPse5COlwCDC3s="},"lastRemoteEphemeralKey":"BWf51QpyDrRFo0WfmCNSrhUggo3lfDh/cOwCJvDGG5Rn","previousCounter":0,"rootKey":"EppAUoW+gX3EBIxSbmbWOANXNTqTJ6i+hXZSkv5AgWk="},"indexInfo":{"baseKey":"BQeIjmZlxB17Y+mFBRO17GNFNTVGMGDZWNQZN1lKz3tz","baseKeyType":2,"closed":-1,"used":1683072561281,"created":1683072561281,"remoteIdentityKey":"BRIdnYkjPihrtOL/2wVb4Vq1tKN8adgwJkvXPUHc0/9R"},"_chains":{"BWf51QpyDrRFo0WfmCNSrhUggo3lfDh/cOwCJvDGG5Rn":{"chainKey":{"counter":0,"key":"UzdXGeCSYaLT+Zip2JrK2Dj8ITZ0Yecl9HAxP7KuK/Y="},"chainType":2,"messageKeys":{}},"BX1XFeszUTwqJypn34TidsuQnYO+AdamFfmumNgqJAsf":{"chainKey":{"counter":-1,"key":"JJxXViJ9zfn9GAd369JdvlaBT2SwOD+XlEyUPMIcLdo="},"chainType":1,"messageKeys":{}}}}},"version":"v1"}