{"_sessions":{"BdPyf2x5RCmDnAJ6p//wqZJUhORT4nuAnNHt6nrN5qNB":{"registrationId":1656062867,"currentRatchet":{"ephemeralKeyPair":{"pubKey":"BasCgsQCqs6m21uXnd/Db5hx2PhsdI2Q5HIO38+QOhRy","privKey":"2PVmWON9U0Yt6WNgcQvny6B3HJK6ALGJgZhJ5jxpu10="},"lastRemoteEphemeralKey":"Bftvm3+jDcTecgTRzFfWG83GRPD3FnxWlPoeR+4AzsQ9","previousCounter":0,"rootKey":"pbv7w90V+vGnkB546oVMZRD0ZHWVMU5+15lOIpMSCjk="},"indexInfo":{"baseKey":"BdPyf2x5RCmDnAJ6p//wqZJUhORT4nuAnNHt6nrN5qNB","baseKeyType":2,"closed":-1,"used":1683080071646,"created":1683080071646,"remoteIdentityKey":"Bc6lNGkGsQf3gNjIoDGUm2uMDleTeFQljFth0am12PQW"},"_chains":{"Bftvm3+jDcTecgTRzFfWG83GRPD3FnxWlPoeR+4AzsQ9":{"chainKey":{"counter":0,"key":"XFP79BEbJGb1UelmCXO9qfe7JALJevL/LbL9p0PCKPc="},"chainType":2,"messageKeys":{}},"BasCgsQCqs6m21uXnd/Db5hx2PhsdI2Q5HIO38+QOhRy":{"chainKey":{"counter":-1,"key":"YYFJNf2nxgUL7T4xo0XfcY0afUH6INmyo0DiO2iqddY="},"chainType":1,"messageKeys":{}}}}},"version":"v1"}