{"_sessions":{"BUKoYuXU8rfoRZ4SHyRGkwjyCTWBWXZEnj+1UOFLKjQ4":{"registrationId":503708089,"currentRatchet":{"ephemeralKeyPair":{"pubKey":"BYbhfloVMadIY/za2VG9wnRhN7SgtpmBsa9FbwjmYW03","privKey":"0J+v1qDtgqFsIFYSzlk76sM3YgPOS4RFsHgEEYULUUY="},"lastRemoteEphemeralKey":"BZJqp+gFBR6DyCHSNjbrFabeYEkWaD5Xdygs9ZDjvyQH","previousCounter":0,"rootKey":"UgAl1/lJiiinEC1V9AZJlyRVbaCZej0iu7dI+d0kqgA="},"indexInfo":{"baseKey":"BUKoYuXU8rfoRZ4SHyRGkwjyCTWBWXZEnj+1UOFLKjQ4","baseKeyType":2,"closed":-1,"used":1683072565643,"created":1683072565643,"remoteIdentityKey":"BZo9xUkoKsYQ2SsKwB4v77Twn7TIMFWQFzxPg6Amq18K"},"_chains":{"BZJqp+gFBR6DyCHSNjbrFabeYEkWaD5Xdygs9ZDjvyQH":{"chainKey":{"counter":1,"key":"6x09dMWrej5RJuTY9f3HftjlQ93VfuTLxcIJZVtMMrk="},"chainType":2,"messageKeys":{}},"BYbhfloVMadIY/za2VG9wnRhN7SgtpmBsa9FbwjmYW03":{"chainKey":{"counter":-1,"key":"q2j1GOfhlk8wfkmTOczytPM77QTc87tFhuISHOCJgHg="},"chainType":1,"messageKeys":{}}}}},"version":"v1"}