{"_sessions":{"BaPylfDWg8UGNZUL6j3qsdPVEIA0iiwpRuOg2x/2omR5":{"registrationId":440788661,"currentRatchet":{"ephemeralKeyPair":{"pubKey":"Bc7jcaDEuQlIiU/b4JP0A60pi5b2r7P/0BkWb0V6QEYS","privKey":"iIFxRKfmuLYeYzxgdb13nePHOjI+jPg+oGDv24Fyx0g="},"lastRemoteEphemeralKey":"BaeOTHik6A6schF0kZQLJy02twq/tYBMZ64JmipP7qla","previousCounter":0,"rootKey":"xxKvzLQqfXdljxuwCRye6EM2ZeB+yu9cO69K5WxjliY="},"indexInfo":{"baseKey":"BaPylfDWg8UGNZUL6j3qsdPVEIA0iiwpRuOg2x/2omR5","baseKeyType":2,"closed":-1,"used":1683072561880,"created":1683072561880,"remoteIdentityKey":"BSOfBXYO2W27TNX7NgboSv6M/jle/YD5IBb9TJNDDAEG"},"_chains":{"BaeOTHik6A6schF0kZQLJy02twq/tYBMZ64JmipP7qla":{"chainKey":{"counter":0,"key":"onVmVRVugOysMQVqrWNxm82TX8qRFSe690G4p4M1aXE="},"chainType":2,"messageKeys":{}},"Bc7jcaDEuQlIiU/b4JP0A60pi5b2r7P/0BkWb0V6QEYS":{"chainKey":{"counter":-1,"key":"ce+YL1GGXH3j63L1rP2Y7E/JN7mknyXmTnVkU2ALWQs="},"chainType":1,"messageKeys":{}}}}},"version":"v1"}