{"_sessions":{"BfOEHOM/77snRaaYPC9C/hlMMuIFiq+5P10dcBdlFxhX":{"registrationId":1006174830,"currentRatchet":{"ephemeralKeyPair":{"pubKey":"Bdp7Io7688+9gMFiR0DbK77QfqbWWKqzDJ/urdyeB+MF","privKey":"oBmDBNvaXDh12xvJ+YyKgdplirRURFCQ04EmmU6KNm0="},"lastRemoteEphemeralKey":"BQnFbp4Cf4wTHNW9hzoKPBpMD8Mck/rsk/mu0ij3VFtc","previousCounter":0,"rootKey":"+hebGwGriaTsYMPw2MVEKER8bgoaZDpe1T2RLdL1OA8="},"indexInfo":{"baseKey":"BfOEHOM/77snRaaYPC9C/hlMMuIFiq+5P10dcBdlFxhX","baseKeyType":2,"closed":-1,"used":1683072553505,"created":1683072553505,"remoteIdentityKey":"BVpHeN7x2NnaiHWzXQdIqG0LPzFeLe1dzjefc7kYRSc4"},"_chains":{"BQnFbp4Cf4wTHNW9hzoKPBpMD8Mck/rsk/mu0ij3VFtc":{"chainKey":{"counter":0,"key":"aJwWShZWOe7QEElFTCQegbiE81aIGGf9nN1j99MXhIY="},"chainType":2,"messageKeys":{}},"Bdp7Io7688+9gMFiR0DbK77QfqbWWKqzDJ/urdyeB+MF":{"chainKey":{"counter":-1,"key":"0+9eJ6Zi7jYbgxprbk1rmI/4ysJfsdQsh31Vuz4Ecpk="},"chainType":1,"messageKeys":{}}}}},"version":"v1"}