{"_sessions":{"Bb5XMbi8drdNTbIB09uhA4WRC+IV8Vl+uDr9ElCGEjo9":{"registrationId":496853320,"currentRatchet":{"ephemeralKeyPair":{"pubKey":"Bbbg/g0QG1RTI+5TBRKrVB0vh3hHxMMOKFwFjWFC5gVw","privKey":"KDYeInBEN7ZYgRMIsVJIWZ0hQP5mDCJZpTfSLVqOYEI="},"lastRemoteEphemeralKey":"Bc6WfLbQGmtdeRXPsEo1l2z92kQfISnhXDIkdf8xL94N","previousCounter":0,"rootKey":"C/S3PoJekkWMrqXnJ0R+09saRe1P4cN5SHiYAzOJQ8w="},"indexInfo":{"baseKey":"Bb5XMbi8drdNTbIB09uhA4WRC+IV8Vl+uDr9ElCGEjo9","baseKeyType":2,"closed":-1,"used":1683072546710,"created":1683072546710,"remoteIdentityKey":"Bf2KKh9gdyOZ1HY2qKy33Wzl6o0Lfqeiy4ZfUDsIfSNp"},"_chains":{"Bc6WfLbQGmtdeRXPsEo1l2z92kQfISnhXDIkdf8xL94N":{"chainKey":{"counter":1,"key":"VVMVXibdhTI+nuQAN0ax//uHMeyV18XpjevxWwRyQtc="},"chainType":2,"messageKeys":{}},"Bbbg/g0QG1RTI+5TBRKrVB0vh3hHxMMOKFwFjWFC5gVw":{"chainKey":{"counter":-1,"key":"gO6P0Y+uRIl/QPqDp40+uRxTplDPQqBTQXu0vV8jIOE="},"chainType":1,"messageKeys":{}}}}},"version":"v1"}