{"_sessions":{"BTPQJlzD2mwfRso+f936w0KehUmIoDlIWdg2kvKKengO":{"registrationId":293610421,"currentRatchet":{"ephemeralKeyPair":{"pubKey":"BYf6ZMz4BvYqLRflept7nI299Y0lDjKXfDDUlIX7a4p1","privKey":"OCNQ96L+zno3Myjk0msfGzE0zcoSrbnXT8EiVhPwE08="},"lastRemoteEphemeralKey":"BR+pZPifZ9v/CYNSUyUBdTZgdrt3jzfRwpkCmHs56TpZ","previousCounter":0,"rootKey":"VtANhZzaQTD85xUmGKKTmnTZoicPoZh/Aq8p5xC3k3Y="},"indexInfo":{"baseKey":"BTPQJlzD2mwfRso+f936w0KehUmIoDlIWdg2kvKKengO","baseKeyType":2,"closed":-1,"used":1683080063368,"created":1683080063368,"remoteIdentityKey":"BfxVptcrlw42EZs2U8uZlpNHw+JjucUS8le3K+j0/zZB"},"_chains":{"BR+pZPifZ9v/CYNSUyUBdTZgdrt3jzfRwpkCmHs56TpZ":{"chainKey":{"counter":1,"key":"e05LTX7DlaB5xGn7hDDskPtYHi1eGzDdeLSG/PgdA1g="},"chainType":2,"messageKeys":{}},"BYf6ZMz4BvYqLRflept7nI299Y0lDjKXfDDUlIX7a4p1":{"chainKey":{"counter":-1,"key":"N+XVLLYNTWFW85vE6Nk+68nayToqdaN3cJavwAkC5EI="},"chainType":1,"messageKeys":{}}}}},"version":"v1"}