{"_sessions":{"BTFazb1Fqbkde9yOr8GHj/pUojiZ+mNSH8MopTuK4208":{"registrationId":561000861,"currentRatchet":{"ephemeralKeyPair":{"pubKey":"BfOZ0dJITKnlUI9q4oIC6SCnQJqX6BhgzvbifYhoML0f","privKey":"4Fd5CumYamm7hQF+gB+ZP2tb6tgcZIvBxSQI7viAVF0="},"lastRemoteEphemeralKey":"BU0MNVD5g6zchC6JUCWe/eyhMGWZb7HuWD+ym1YlRD1+","previousCounter":0,"rootKey":"/CXmPmJdre/Q65SeNwcZPpeD+pTWuyaOFAR8qLCbbx8="},"indexInfo":{"baseKey":"BTFazb1Fqbkde9yOr8GHj/pUojiZ+mNSH8MopTuK4208","baseKeyType":2,"closed":-1,"used":1683072548353,"created":1683072548353,"remoteIdentityKey":"BZR3UZEamTns+Wc/Y2ys3q7MZIi3KZhw/F+4TX0FXnUT"},"_chains":{"BU0MNVD5g6zchC6JUCWe/eyhMGWZb7HuWD+ym1YlRD1+":{"chainKey":{"counter":0,"key":"1K+it28qvl7fsK+htvvUIqOzvYuQVXHpHDMnwJfHXPU="},"chainType":2,"messageKeys":{}},"BfOZ0dJITKnlUI9q4oIC6SCnQJqX6BhgzvbifYhoML0f":{"chainKey":{"counter":-1,"key":"bVA+NM7U/Nd8a5QYwtknAb474o86cTBWw1Lk81UkgCg="},"chainType":1,"messageKeys":{}}}}},"version":"v1"}