{"_sessions":{"BRhujsmS2s0RJTHhTaKhNf/yYTO2oe+y7pOeewx9jN1F":{"registrationId":1313080223,"currentRatchet":{"ephemeralKeyPair":{"pubKey":"Bdc1aaT1NStpYaR8V8CYn5G4t/5qObLh2AsY0E09i11U","privKey":"YBGpwyOb/9AXigBEYzvSgVPAzFnKVXFKRTYvLpzQpnQ="},"lastRemoteEphemeralKey":"BX2iRlJQMv+e1uqJunmFIhMruhAUNx3n6Hj4MVjh2B1k","previousCounter":0,"rootKey":"xd7AKh0h/K1EqJSMAvKXUB7kuUqW967/gLLyS+qjUBw="},"indexInfo":{"baseKey":"BRhujsmS2s0RJTHhTaKhNf/yYTO2oe+y7pOeewx9jN1F","baseKeyType":2,"closed":-1,"used":1683072548778,"created":1683072548778,"remoteIdentityKey":"BVhwlq9AVsrZrw/Q5uYgQ28q5GFtZUoh/N/aj8oePIly"},"_chains":{"BX2iRlJQMv+e1uqJunmFIhMruhAUNx3n6Hj4MVjh2B1k":{"chainKey":{"counter":0,"key":"ku0a/9tGfyzt5hhnnBDdsgtRBU9gybEj4TEEWc8uoEU="},"chainType":2,"messageKeys":{}},"Bdc1aaT1NStpYaR8V8CYn5G4t/5qObLh2AsY0E09i11U":{"chainKey":{"counter":-1,"key":"M0HVAkY+ZnHc3D6nXm1ZM9ECi3OkmGHOPe9cYf+U1NA="},"chainType":1,"messageKeys":{}}}}},"version":"v1"}