{"_sessions":{"BQu3NJqx+zxo4vCKwH56dfr+pUBSzOEmH9oR1eTM8RJN":{"registrationId":1745191158,"currentRatchet":{"ephemeralKeyPair":{"pubKey":"BXESFe1jwOn2ZPmyLOtg0xXVqQUKcaV3yWYxN2ZJcVlG","privKey":"CIveqtRieMgLFtqaetNjvsHbRLfY/vLKy/++WkY6lXs="},"lastRemoteEphemeralKey":"BYJ1yZSEQ737dsLdKw/9WPFR807WkFnGchQJ5hwrW2Zp","previousCounter":0,"rootKey":"31AAiPUCbeiFARE74zzDQcE52E7SUuunb9NAXj8XW5U="},"indexInfo":{"baseKey":"BQu3NJqx+zxo4vCKwH56dfr+pUBSzOEmH9oR1eTM8RJN","baseKeyType":2,"closed":-1,"used":1683072537993,"created":1683072537993,"remoteIdentityKey":"BbuWK34WOmeR2KqeXFUqmvTv/2dShPeiy3eQgOrQXFBJ"},"_chains":{"BYJ1yZSEQ737dsLdKw/9WPFR807WkFnGchQJ5hwrW2Zp":{"chainKey":{"counter":7,"key":"Flv7GLVcKESNZr0r9zGBWgD6w5aCaCAquiHSYKNS21o="},"chainType":2,"messageKeys":{}},"BXESFe1jwOn2ZPmyLOtg0xXVqQUKcaV3yWYxN2ZJcVlG":{"chainKey":{"counter":-1,"key":"sq3ChS10zt8ikPEO2+B0DA9SgSReNcugjX4NP3Ec7Qg="},"chainType":1,"messageKeys":{}}}}},"version":"v1"}