{"_sessions":{"BXC2aNuhhb6V9URJGy5M9UjfQFxBagfw/bQex10w4C5Y":{"registrationId":1144262531,"currentRatchet":{"ephemeralKeyPair":{"pubKey":"BR40r0qvN7ZswPkM6PKVw3y6NzdsxqJS1vp6Z81/Rndu","privKey":"YD6X+nkOVMhp/6zLFMGujMmUjwOork/rGR2TT4fBSGk="},"lastRemoteEphemeralKey":"BRz3F+SXrxLunCY931Hk98E5KiJzFUPDL+eIY9uPC69h","previousCounter":0,"rootKey":"xaDMSUf9xDhYG+cdiBEMAWUpFPimMi3WWG3Uq7y9m7c="},"indexInfo":{"baseKey":"BXC2aNuhhb6V9URJGy5M9UjfQFxBagfw/bQex10w4C5Y","baseKeyType":2,"closed":-1,"used":1683072557357,"created":1683072557357,"remoteIdentityKey":"Bd683HMWHAjPop6Q8EOkUMNnDzl48Bp+aKck29ZGG1xp"},"_chains":{"BRz3F+SXrxLunCY931Hk98E5KiJzFUPDL+eIY9uPC69h":{"chainKey":{"counter":0,"key":"T8FwIpg6FLTgCm7w9hZhmLObwMXA365m4sVUv5s3i7M="},"chainType":2,"messageKeys":{}},"BR40r0qvN7ZswPkM6PKVw3y6NzdsxqJS1vp6Z81/Rndu":{"chainKey":{"counter":-1,"key":"4oW20wNlR2s/S6b3e30HHTU4JdGSeW7v+nyTENTwJu0="},"chainType":1,"messageKeys":{}}}}},"version":"v1"}