{"_sessions":{"Be4RXTqmPBw60+Dpub1MzJl7cTb0ekDeX5SBKhPsE15l":{"registrationId":611612459,"currentRatchet":{"ephemeralKeyPair":{"pubKey":"Bf2BtY5tCPLEJMoAVVTWolq32nkYA1OzxKGWwwUnMnl5","privKey":"MAXYIQhteyH6Dorb0+NeDbpsNl7kbBP8wXFZnYMG1WI="},"lastRemoteEphemeralKey":"BcKksbLV8aQpnnImUmzRhSh+s5FG91Lb4GDhMl2RMPJy","previousCounter":0,"rootKey":"BCv3S1OjiO5CA0dxpUKY2LO3wFRd1JXhdry9Kp6pW5k="},"indexInfo":{"baseKey":"Be4RXTqmPBw60+Dpub1MzJl7cTb0ekDeX5SBKhPsE15l","baseKeyType":2,"closed":-1,"used":1683072562282,"created":1683072562282,"remoteIdentityKey":"BWkjfoTLkVBH8ZF6Jme+PSAhWnE5k2+n1z5mk40l9dJe"},"_chains":{"BcKksbLV8aQpnnImUmzRhSh+s5FG91Lb4GDhMl2RMPJy":{"chainKey":{"counter":1,"key":"I5FtAo5iZJgzF9HsZqwrF0vV9P7l4l9W/XBDP6Y1r/s="},"chainType":2,"messageKeys":{"0":"i9qNI8IMocgkptlPy5INvfr/KCQLCXGArR7C8ZbYAng="}},"Bf2BtY5tCPLEJMoAVVTWolq32nkYA1OzxKGWwwUnMnl5":{"chainKey":{"counter":-1,"key":"hmGWvkcPCMhbb7yU4X76+vRKT/f1+Nxd4MEeLtAfk1w="},"chainType":1,"messageKeys":{}}}}},"version":"v1"}