{"_sessions":{"BZ/E0xXNDYJh5ASHFLzqL0i6rdLGNvMGHz8XlXfaUKZQ":{"registrationId":1680142989,"currentRatchet":{"ephemeralKeyPair":{"pubKey":"BQ+z5o/RzuM6ht2oG3mBq2SSI1ytyS5Vc7LpBXe5WLYa","privKey":"CHWR7oCzBDhFe2xh8zCa3R392hxpGsa0BeLcyEDKN38="},"lastRemoteEphemeralKey":"BfGIwbZZjzS6t2DJNMfnnipk0fhkCIBUWZ8jTESmdUID","previousCounter":0,"rootKey":"id6yulInumZCCdgidRU5hQVtWLX3YEhKi9qs8Y7I5+4="},"indexInfo":{"baseKey":"BZ/E0xXNDYJh5ASHFLzqL0i6rdLGNvMGHz8XlXfaUKZQ","baseKeyType":2,"closed":-1,"used":1683072564747,"created":1683072564747,"remoteIdentityKey":"BUbNaSqkvofcriR0cEYixmf4HTZpCIJbVpbWawqLLc5A"},"_chains":{"BfGIwbZZjzS6t2DJNMfnnipk0fhkCIBUWZ8jTESmdUID":{"chainKey":{"counter":4,"key":"ACuDzqt4CCOaeTKHHcGbeY6kPe/TCAJ1i83SMJ2SGuA="},"chainType":2,"messageKeys":{"0":"TWePEU3G00BlHZwbbC+eHIc0CfV5Uc/CzXmdT1fh+gk=","1":"Wju7e44L3WgoQPI7yVwLtoKLk/wrPpbXhAk1JCbw+U4=","2":"SgSA6XiITgyTAKh3NeLCA6eABXAQAzstNrOXS87VcYc=","3":"iiNh0lRAsOo3hi6vIbLcmoXhEaRnyG/AAPjXdhKigCY="}},"BQ+z5o/RzuM6ht2oG3mBq2SSI1ytyS5Vc7LpBXe5WLYa":{"chainKey":{"counter":-1,"key":"AIQa+jYQm2mJkB4tX0xk0baTHPC+GNUTMOzLfI1+df0="},"chainType":1,"messageKeys":{}}}}},"version":"v1"}