{"_sessions":{"BVXRCBbwf7RPqf1HD/lpjRHJj+r/GXByv93Ooa9O6WRO":{"registrationId":1226834939,"currentRatchet":{"ephemeralKeyPair":{"pubKey":"BdtP+axh5LGjR76ZZijM4dA/eVhbrntdXW2KCr7Ip7U0","privKey":"mM/nEN10c5IXCApkc0lXG4JeQQ2QuDFNLGXMGsa/jGU="},"lastRemoteEphemeralKey":"BTZWtAWvq1WdZr1QZAFPX5cBdGfUQQe5g1NCbnX/Fdlu","previousCounter":0,"rootKey":"mbFvxv1U1g24SuhCTk6y021asVxq96MR6KNCVJK9GAY="},"indexInfo":{"baseKey":"BVXRCBbwf7RPqf1HD/lpjRHJj+r/GXByv93Ooa9O6WRO","baseKeyType":2,"closed":-1,"used":1683072546412,"created":1683072546412,"remoteIdentityKey":"Bec+ciAgiwdpZp5Y8oaS2Qlin8Fksiorv1uMqXF82zsz"},"_chains":{"BTZWtAWvq1WdZr1QZAFPX5cBdGfUQQe5g1NCbnX/Fdlu":{"chainKey":{"counter":0,"key":"AXCsugkfK4eVLoYyEMEbSmdLvJMDHJDGndU2XSgV1ag="},"chainType":2,"messageKeys":{}},"BdtP+axh5LGjR76ZZijM4dA/eVhbrntdXW2KCr7Ip7U0":{"chainKey":{"counter":-1,"key":"TaRVQzWRF+TRSR2vGWcfk5S/5W7E2YNjfes0Hme3IWo="},"chainType":1,"messageKeys":{}}}}},"version":"v1"}