{"_sessions":{"BWVf7EFp8Hi5fmeTYb7dXD7CoD1MBFHNno9L14UMDdMD":{"registrationId":1576172525,"currentRatchet":{"ephemeralKeyPair":{"pubKey":"BRfUvjs2PTQAOX29c3IlDKMCkVjFK/3J6UNwf+A/6i95","privKey":"UJEqNIh8m0KL+2LO0n201uC73YRGtp4dJLOgom6B6VU="},"lastRemoteEphemeralKey":"BaXqageKqG7gP1tREBjyFSXBImdCs4c49nMSmidjBN97","previousCounter":0,"rootKey":"VJzCzL/39HFrRhY8e+G3vyW8sVKF0q71ENTMBxIOC9M="},"indexInfo":{"baseKey":"BWVf7EFp8Hi5fmeTYb7dXD7CoD1MBFHNno9L14UMDdMD","baseKeyType":2,"closed":-1,"used":1683072541675,"created":1683072541675,"remoteIdentityKey":"BVgfZcBcZNml3OQUzRQLn7AfucdFsL6oZmQS2lnar6oT"},"_chains":{"BaXqageKqG7gP1tREBjyFSXBImdCs4c49nMSmidjBN97":{"chainKey":{"counter":1,"key":"KJocs8zdhE4y7glbLR08ch4gVlYdSNOHgX+brJWus1E="},"chainType":2,"messageKeys":{}},"BRfUvjs2PTQAOX29c3IlDKMCkVjFK/3J6UNwf+A/6i95":{"chainKey":{"counter":-1,"key":"Gs9Hu4hXByXFV9BuAJN/IFOcmM72NgHu3sK9Z9fzf/0="},"chainType":1,"messageKeys":{}}}}},"version":"v1"}