{"_sessions":{"BbA8dug6UaZFNuDRFP7GAfkbYjlvjVl+Sw+d2k9qLQhh":{"registrationId":382879129,"currentRatchet":{"ephemeralKeyPair":{"pubKey":"BcRLh7bHOGhtpvyWxIvVS6oz5rrynfplfTvy9HPo95Y8","privKey":"kJJC9e+GZ8yXGpi6Dqd58yKP9XnEAqzvppGg1nPl4U4="},"lastRemoteEphemeralKey":"BdPCiXzaFmQMyJx6tj+rJCZ1dAECxL/zmKP5DVUDCJJZ","previousCounter":0,"rootKey":"vyqzeVVDZbnvzJzmisoDh6veHIaDye1TJdF5bBueQgY="},"indexInfo":{"baseKey":"BbA8dug6UaZFNuDRFP7GAfkbYjlvjVl+Sw+d2k9qLQhh","baseKeyType":2,"closed":-1,"used":1683072597867,"created":1683072597867,"remoteIdentityKey":"BTpA0qwZEp+cdjAQiyyfqrOS9eB5YuKSMB8DowZ5ERpS"},"_chains":{"BdPCiXzaFmQMyJx6tj+rJCZ1dAECxL/zmKP5DVUDCJJZ":{"chainKey":{"counter":0,"key":"K+UM4hPMBQamzcRPIYy63KQG+IS26wMbmCV0NC2Krxc="},"chainType":2,"messageKeys":{}},"BcRLh7bHOGhtpvyWxIvVS6oz5rrynfplfTvy9HPo95Y8":{"chainKey":{"counter":-1,"key":"Q7IcmOMyWv1meCiqs8KbJYiJxZipsx7VJGfZDr6BGVM="},"chainType":1,"messageKeys":{}}}}},"version":"v1"}