{"_sessions":{"BRUbLrrAWD2aZpW4YyR0cLnTSAvP5VzV6vBqTmD+0swo":{"registrationId":1873407620,"currentRatchet":{"ephemeralKeyPair":{"pubKey":"BVotdGqTTBoRa8rTRvgN8CTw5bVbRih1+PGHctg+V1tt","privKey":"IOAeriQGTCvYsFUhfcpkfsMbaUyhTSIgdUn432E06Xo="},"lastRemoteEphemeralKey":"BZPagQp3FHiPg1GubBvtGjzHb3a1KLdBC28oniX3aWJJ","previousCounter":0,"rootKey":"YSDfKwGX6HbYM6O2fg4PaAjdyR8GJtFYAzkYR11FoCk="},"indexInfo":{"baseKey":"BRUbLrrAWD2aZpW4YyR0cLnTSAvP5VzV6vBqTmD+0swo","baseKeyType":2,"closed":-1,"used":1683069444436,"created":1683069444436,"remoteIdentityKey":"BcUf7d/svQcwAUOwBZkE7Kk+7kO3NkI4wMRsRpj2GhQ3"},"_chains":{"BZPagQp3FHiPg1GubBvtGjzHb3a1KLdBC28oniX3aWJJ":{"chainKey":{"counter":2,"key":"+s8HR9HJIcbIsBH1BYi2XJ/Xja4H3Fb0lZ+5P9lDKoI="},"chainType":2,"messageKeys":{}},"BVotdGqTTBoRa8rTRvgN8CTw5bVbRih1+PGHctg+V1tt":{"chainKey":{"counter":-1,"key":"2YYnDnifSnyanK4g6ZlrmFug1/i8yNjai5C98d1qLXE="},"chainType":1,"messageKeys":{}}}}},"version":"v1"}