{"_sessions":{"BRTbDPtxt7UQpplxhNMJs5dSaF5PIAtDxKNsX4EfRC8r":{"registrationId":297834186,"currentRatchet":{"ephemeralKeyPair":{"pubKey":"BUligqnrXNNKZEkJ/RezLLvGTAq65GzWXUxQPc39M3Re","privKey":"uD9uevwCagsIPgQbGH3ECMZLzueK0uQ5eyuKhSZ1iHw="},"lastRemoteEphemeralKey":"Ben7RnQFe88ZdJZuD3Az/Nopw68tbKpKuaPNEfUhWFh/","previousCounter":0,"rootKey":"QuxeDdFj9rsA3pyA0S82bogbFmnXF8b+QxF9Xjj0bWE="},"indexInfo":{"baseKey":"BRTbDPtxt7UQpplxhNMJs5dSaF5PIAtDxKNsX4EfRC8r","baseKeyType":2,"closed":-1,"used":1683073391235,"created":1683073391235,"remoteIdentityKey":"BYbB4qunZ1fIreIwtKNyO0YFLjFmULCmoYqac1aYT/V1"},"_chains":{"Ben7RnQFe88ZdJZuD3Az/Nopw68tbKpKuaPNEfUhWFh/":{"chainKey":{"counter":0,"key":"GMafsCt812jESdFlAFzl1Gp0+XIrc8gERlknaA/p47E="},"chainType":2,"messageKeys":{}},"BUligqnrXNNKZEkJ/RezLLvGTAq65GzWXUxQPc39M3Re":{"chainKey":{"counter":-1,"key":"2jnvUyvEny7Ur7OU2kjwUsbal8pozMMDV+TKPUSBQWU="},"chainType":1,"messageKeys":{}}}}},"version":"v1"}