{"_sessions":{"BWnJcOpVREuV/1PFnHIjYAgp2mWevs1ZKRt0mU2i610l":{"registrationId":1584088078,"currentRatchet":{"ephemeralKeyPair":{"pubKey":"BQ67EqEg7pOdLJAdInMML2bldsIs2BYipj9USbxL7ZMi","privKey":"qJT27odBcMq1CVtDgjyaujjARvAVnfW42B4nt4I26WY="},"lastRemoteEphemeralKey":"BbFHpgx1FcBYJc5M06X9So1GQve780odyP3uJc6MiEJx","previousCounter":0,"rootKey":"V1S6MU3RiE6qMu9vobTDymvlzLIoj9PRlEUbi/93o4M="},"indexInfo":{"baseKey":"BWnJcOpVREuV/1PFnHIjYAgp2mWevs1ZKRt0mU2i610l","baseKeyType":2,"closed":-1,"used":1683072567218,"created":1683072567218,"remoteIdentityKey":"BY9vIpqBayUcI4gGV0iJdJsvNHCw32Nqa65zzw9tsmAI"},"_chains":{"BbFHpgx1FcBYJc5M06X9So1GQve780odyP3uJc6MiEJx":{"chainKey":{"counter":0,"key":"cjLO+uDI2ghX0qbXMRffXdm24BJuJ0why/3GEnO++DQ="},"chainType":2,"messageKeys":{}},"BQ67EqEg7pOdLJAdInMML2bldsIs2BYipj9USbxL7ZMi":{"chainKey":{"counter":-1,"key":"9lbdmAjoD0NP+KYl9+jASfS5sgNvzGZqnIPdxfJCweM="},"chainType":1,"messageKeys":{}}}}},"version":"v1"}