{"_sessions":{"BcTgTooXt1JI4mDHyXnBEg2eOGGBbhdegBmWwH+KnsJg":{"registrationId":1818175142,"currentRatchet":{"ephemeralKeyPair":{"pubKey":"BcNmdjo2E0aZoSjfRRRLu64t814ECFSI/Qj8HfYQtKFM","privKey":"6Bg9NrK+ojEwNzUoH5S2V69RqxxZtznobqsU/INZzXM="},"lastRemoteEphemeralKey":"BZ9BkdZynZBvhUCEtkUvJ2fXyuYX72RN/nWueT/QaLde","previousCounter":0,"rootKey":"hB62bjVZEeu+RXTRKR3Kw46JOF5qfh8Yx/iFwTnaoFw="},"indexInfo":{"baseKey":"BcTgTooXt1JI4mDHyXnBEg2eOGGBbhdegBmWwH+KnsJg","baseKeyType":2,"closed":-1,"used":1683072546214,"created":1683072546214,"remoteIdentityKey":"BWFhs/WTuY4QnAnyy+WfM9gRdQ7S+NhLEZttZHP+gHIw"},"_chains":{"BZ9BkdZynZBvhUCEtkUvJ2fXyuYX72RN/nWueT/QaLde":{"chainKey":{"counter":0,"key":"VlAMxC2ckXW9MYSPMycHeHy2nM5okW1/WKr1HUsltiM="},"chainType":2,"messageKeys":{}},"BcNmdjo2E0aZoSjfRRRLu64t814ECFSI/Qj8HfYQtKFM":{"chainKey":{"counter":-1,"key":"RK+ulUDHIcP+sPO7+fXHPpqht5Oj1aT/tXVZV55WQa8="},"chainType":1,"messageKeys":{}}}}},"version":"v1"}