{"_sessions":{"BcAXS58nyhraQETSwXLwSAgFm/V5/cugomyGip45QZdp":{"registrationId":1595091962,"currentRatchet":{"ephemeralKeyPair":{"pubKey":"BcYVox7FTlnEMrPyF3RFJdt7fdHA7QdtkQMpZHow83gT","privKey":"WE0BvXuBNn63nRByHEhyo/UxPCyq3NCUcit8tJxMCHk="},"lastRemoteEphemeralKey":"BbE2RUujC3WWc3fd+iefsO+8yhg9V8OiLU081V+UH45e","previousCounter":0,"rootKey":"zcGGzV3YttvZ8O3xP/3OBnuq4jYfQx93RP5bhtzoPV8="},"indexInfo":{"baseKey":"BcAXS58nyhraQETSwXLwSAgFm/V5/cugomyGip45QZdp","baseKeyType":2,"closed":-1,"used":1683072557274,"created":1683072557274,"remoteIdentityKey":"BbRJ6SvMFiV7BCwv/weCXNWnPoNat267JE3WCT/FwHUh"},"_chains":{"BbE2RUujC3WWc3fd+iefsO+8yhg9V8OiLU081V+UH45e":{"chainKey":{"counter":0,"key":"oHtbKByHVLQWrLjoqhLZJD0Mk0aNr74+yZkaTI3/hIo="},"chainType":2,"messageKeys":{}},"BcYVox7FTlnEMrPyF3RFJdt7fdHA7QdtkQMpZHow83gT":{"chainKey":{"counter":-1,"key":"/Dun/dVgzEzYLSf+WagDn0GPVflShUVhTZDVl3YPJqE="},"chainType":1,"messageKeys":{}}}}},"version":"v1"}