{"_sessions":{"BVZjcuhlFIFRhJ2YQFuK60xEJU3zRwYdE+omdaDg3rJ1":{"registrationId":1070375132,"currentRatchet":{"ephemeralKeyPair":{"pubKey":"BdwhzT6U1X/ZyNFPtgJphdw5bk+xIh8yGEUVwLt8eFIw","privKey":"MI0RtJ7pZ34+vlqWr8ona7r61v/glPgV4ejfLsye7X8="},"lastRemoteEphemeralKey":"BbRi3+Szt77yycPobjl2t5o8WA0oBqz1Kc0c1zC3c8l9","previousCounter":0,"rootKey":"g/EiYGI7jzs71RtjNiSVltnRfWRmSOmBcsKAF8CbKWI="},"indexInfo":{"baseKey":"BVZjcuhlFIFRhJ2YQFuK60xEJU3zRwYdE+omdaDg3rJ1","baseKeyType":2,"closed":-1,"used":1683072567735,"created":1683072567735,"remoteIdentityKey":"BdY7VPoj5zbrl2nkLXKqc/1FgPi8B+lWDcnBHR4XKeoP"},"_chains":{"BbRi3+Szt77yycPobjl2t5o8WA0oBqz1Kc0c1zC3c8l9":{"chainKey":{"counter":0,"key":"/rnZpH38HX1jWsNfz5VmamrGg6/xwamFjjy+KfujeXo="},"chainType":2,"messageKeys":{}},"BdwhzT6U1X/ZyNFPtgJphdw5bk+xIh8yGEUVwLt8eFIw":{"chainKey":{"counter":-1,"key":"9clBS9ZoWRQKV9GYANAq4vGYO5UtaFr32ga6El0qnlI="},"chainType":1,"messageKeys":{}}}}},"version":"v1"}