{"_sessions":{"Be/Qh/k8AnXHR1DEH7+GZhJUIrKlyNZoxPWPFCu14lcY":{"registrationId":593205312,"currentRatchet":{"ephemeralKeyPair":{"pubKey":"BU5Ep9CZ8wKSSVTi9DpOMxphsNQJaVMrDr92UxWqNOAS","privKey":"YOM0KbIhmvLcPAhnRIFYotakV1SwGcK054pXFMwHP3A="},"lastRemoteEphemeralKey":"BSyxpZJjvmc4nkiyYeqbgv0c7jugCXquFu7Fo/enYk40","previousCounter":0,"rootKey":"eB1K/T0IymeuX2cfr53QQuS0uqYlx5h0ajnPNXD7IxY="},"indexInfo":{"baseKey":"Be/Qh/k8AnXHR1DEH7+GZhJUIrKlyNZoxPWPFCu14lcY","baseKeyType":2,"closed":-1,"used":1683072556320,"created":1683072556320,"remoteIdentityKey":"BSF0Y+YM5RyRfHJ3j5EiFkSzNfXv7C/JBC1xpBxFWmol"},"_chains":{"BSyxpZJjvmc4nkiyYeqbgv0c7jugCXquFu7Fo/enYk40":{"chainKey":{"counter":0,"key":"/eGvxXoklqxkT23v4s1dMycSj4kyqNmptZMNmIxuAnY="},"chainType":2,"messageKeys":{}},"BU5Ep9CZ8wKSSVTi9DpOMxphsNQJaVMrDr92UxWqNOAS":{"chainKey":{"counter":-1,"key":"neqXQSNxICnYaf+ibvfBQrvruzzhzXCgz/pAgXGSQAs="},"chainType":1,"messageKeys":{}}}}},"version":"v1"}