{"_sessions":{"BTfAdKdqxJCYHsK0eQlqPmEmUyAfiwlmSyLu0FKKMQ5P":{"registrationId":98295863,"currentRatchet":{"ephemeralKeyPair":{"pubKey":"BY1u6ARgye95dXxsbOPcj5l//+Q44IArI6iFNNOiJop3","privKey":"4KBndDkhlhrW776y77OxqqFp5whbbsD2e3a92Fy9PmU="},"lastRemoteEphemeralKey":"BXJRHYJvH+vvpteG67cOSK1eIXk2dImMBEgRzrBpEttW","previousCounter":0,"rootKey":"Iwwyh3v4ZpjMRW3S/hf64v3C/L9WnFAN8x0o7RdxaIM="},"indexInfo":{"baseKey":"BTfAdKdqxJCYHsK0eQlqPmEmUyAfiwlmSyLu0FKKMQ5P","baseKeyType":2,"closed":-1,"used":1683080071512,"created":1683080071512,"remoteIdentityKey":"BRRj4dw7b/J5/J/IU/ZrEc2aN+3/dbLeJmBZuwptbdlR"},"_chains":{"BXJRHYJvH+vvpteG67cOSK1eIXk2dImMBEgRzrBpEttW":{"chainKey":{"counter":1,"key":"VcFcCWtfhW7OhkVCYYfgurrSsoZNYRg4B1XdMMI16VI="},"chainType":2,"messageKeys":{}},"BY1u6ARgye95dXxsbOPcj5l//+Q44IArI6iFNNOiJop3":{"chainKey":{"counter":-1,"key":"WVEp0SxiipSbz19oY+2IkzY9Ty1ly1kE8y/jrqObGrs="},"chainType":1,"messageKeys":{}}}}},"version":"v1"}