{"_sessions":{"BYzhy4IAw2DZxHy4S5frrnRuTK4sutEoKvvBsgUvxbQV":{"registrationId":289892201,"currentRatchet":{"ephemeralKeyPair":{"pubKey":"BXyqbiFmnaoP5OKIqGmLWcno+CIl2Sk4gxjGdOxXZO0D","privKey":"4FDPIHv2/O9Jmb90+P4BAJk4YN9W7/xhMn+OTH34vVo="},"lastRemoteEphemeralKey":"BZoCth7yT1l63qewCXBB4v4BroIVMB2/3BiQS8JHG2og","previousCounter":0,"rootKey":"1tTaGyfhSF03fSKByNqbt46/9P/qSAtTlpbn9gYIuYY="},"indexInfo":{"baseKey":"BYzhy4IAw2DZxHy4S5frrnRuTK4sutEoKvvBsgUvxbQV","baseKeyType":2,"closed":-1,"used":1683072567301,"created":1683072567301,"remoteIdentityKey":"Bd27+Eqr2mwvU2w1GU+IjKK1MPtY4ZmgwyaGMLpc03c3"},"_chains":{"BZoCth7yT1l63qewCXBB4v4BroIVMB2/3BiQS8JHG2og":{"chainKey":{"counter":0,"key":"eomx7a4NjpZB7tAdt3xrrQhzK3EPIKDmSnDc/KcH4ME="},"chainType":2,"messageKeys":{}},"BXyqbiFmnaoP5OKIqGmLWcno+CIl2Sk4gxjGdOxXZO0D":{"chainKey":{"counter":-1,"key":"5acI3epTZkdS1LCIPyv1JdOfuxGmUyYDiSqLiT5kvAU="},"chainType":1,"messageKeys":{}}}}},"version":"v1"}